{
  "features": [
    {
      "geometry": {
        "coordinates": [
          -8.7906817,
          37.4351269
        ],
        "type": "Point"
      },
      "properties": {
        "amenity": "parking",
        "capacity": "3",
        "label": "Parking",
        "layer": "parking",
        "osm_id": 9184101306,
        "osm_type": "node",
        "parking": "surface"
      },
      "type": "Feature"
    },
    {
      "geometry": {
        "coordinates": [
          [
            -8.8026132,
            37.4289499
          ],
          [
            -8.8029742,
            37.4288537
          ],
          [
            -8.8037612,
            37.4283024
          ],
          [
            -8.8040265,
            37.4280748
          ],
          [
            -8.8040373,
            37.4279768
          ],
          [
            -8.8039544,
            37.427853
          ],
          [
            -8.8013301,
            37.4263274
          ]
        ],
        "type": "LineString"
      },
      "properties": {
        "highway": "track",
        "label": "Track",
        "layer": "track",
        "osm_id": 33179010,
        "osm_type": "way"
      },
      "type": "Feature"
    },
    {
      "geometry": {
        "coordinates": [
          [
            -8.7817188,
            37.4325326
          ],
          [
            -8.7816347,
            37.4327328
          ],
          [
            -8.7815785,
            37.432772
          ],
          [
            -8.7810973,
            37.4327286
          ],
          [
            -8.7807377,
            37.4327024
          ],
          [
            -8.7742355,
            37.434083
          ],
          [
            -8.7741488,
            37.4340669
          ],
          [
            -8.7740939,
            37.4340172
          ],
          [
            -8.7737326,
            37.4330312
          ],
          [
            -8.7736204,
            37.433003
          ],
          [
            -8.7735098,
            37.433006
          ]
        ],
        "type": "LineString"
      },
      "properties": {
        "highway": "track",
        "label": "Track",
        "layer": "track",
        "osm_id": 33179012,
        "osm_type": "way",
        "smoothness": "bad",
        "surface": "compacted",
        "tracktype": "grade2"
      },
      "type": "Feature"
    },
    {
      "geometry": {
        "coordinates": [
          [
            -8.7936491,
            37.4344405
          ],
          [
            -8.7934495,
            37.4344077
          ],
          [
            -8.7932326,
            37.4343623
          ],
          [
            -8.7931005,
            37.4343841
          ],
          [
            -8.7929743,
            37.4344378
          ],
          [
            -8.7927006,
            37.4346378
          ],
          [
            -8.7925576,
            37.4346768
          ],
          [
            -8.792388,
            37.4346944
          ],
          [
            -8.7921642,
            37.4346614
          ],
          [
            -8.7919885,
            37.4346715
          ],
          [
            -8.791735,
            37.4347405
          ],
          [
            -8.7912965,
            37.4348563
          ],
          [
            -8.7906866,
            37.4349211
          ],
          [
            -8.790582,
            37.4349518
          ],
          [
            -8.7904566,
            37.4350346
          ],
          [
            -8.7903668,
            37.435071
          ]
        ],
        "type": "LineString"
      },
      "properties": {
        "highway": "unclassified",
        "lanes": "1",
        "layer": "road",
        "name": "Estrada da Praia de Odeceixe",
        "oneway": "yes",
        "osm_id": 33179024,
        "osm_type": "way"
      },
      "type": "Feature"
    },
    {
      "geometry": {
        "coordinates": [
          [
            -8.7949101,
            37.4417604
          ],
          [
            -8.7951261,
            37.4415186
          ],
          [
            -8.7952309,
            37.4413642
          ],
          [
            -8.7953096,
            37.4412
          ],
          [
            -8.7954442,
            37.4407551
          ],
          [
            -8.7954743,
            37.4404149
          ],
          [
            -8.7954234,
            37.440093
          ]
        ],
        "type": "LineString"
      },
      "properties": {
        "highway": "path",
        "label": "Path",
        "layer": "path",
        "osm_id": 33179032,
        "osm_type": "way",
        "width": "5"
      },
      "type": "Feature"
    },
    {
      "geometry": {
        "coordinates": [
          [
            -8.7896912,
            37.4385734
          ],
          [
            -8.7896602,
            37.4386422
          ],
          [
            -8.788038,
            37.4382444
          ],
          [
            -8.7878385,
            37.4383831
          ],
          [
            -8.7877685,
            37.4387664
          ],
          [
            -8.7878274,
            37.4389698
          ],
          [
            -8.788467,
            37.4394923
          ],
          [
            -8.7891568,
            37.4396264
          ],
          [
            -8.7892079,
            37.4397653
          ],
          [
            -8.7892538,
            37.4402374
          ],
          [
            -8.7891299,
            37.4403892
          ]
        ],
        "type": "LineString"
      },
      "properties": {
        "highway": "path",
        "label": "Path",
        "layer": "path",
        "osm_id": 33184129,
        "osm_type": "way",
        "sac_scale": "demanding_mountain_hiking"
      },
      "type": "Feature"
    },
    {
      "geometry": {
        "coordinates": [
          [
            -8.7838648,
            37.4363542
          ],
          [
            -8.7838027,
            37.4365431
          ],
          [
            -8.783734,
            37.4366374
          ],
          [
            -8.7835649,
            37.4369345
          ],
          [
            -8.783576,
            37.4370638
          ],
          [
            -8.7836849,
            37.4371296
          ],
          [
            -8.7839701,
            37.4372346
          ],
          [
            -8.7841351,
            37.4372046
          ],
          [
            -8.7845487,
            37.4371767
          ],
          [
            -8.7846315,
            37.4372363
          ],
          [
            -8.7846454,
            37.4373247
          ],
          [
            -8.7845744,
            37.4376892
          ],
          [
            -8.7846087,
            37.4377688
          ],
          [
            -8.784712,
            37.437838
          ],
          [
            -8.7853576,
            37.4380375
          ],
          [
            -8.7858922,
            37.4383427
          ],
          [
            -8.7863544,
            37.438524
          ],
          [
            -8.7864983,
            37.4386505
          ],
          [
            -8.786615,
            37.4388347
          ],
          [
            -8.786611,
            37.4388964
          ],
          [
            -8.7865037,
            37.4392191
          ],
          [
            -8.7864862,
            37.4393309
          ],
          [
            -8.7865117,
            37.4394097
          ],
          [
            -8.786611,
            37.4395236
          ],
          [
            -8.7868255,
            37.4398058
          ]
        ],
        "type": "LineString"
      },
      "properties": {
        "highway": "residential",
        "label": "Road",
        "layer": "road",
        "osm_id": 33897051,
        "osm_type": "way",
        "postal_code": "7630-581",
        "surface": "dirt"
      },
      "type": "Feature"
    },
    {
      "geometry": {
        "coordinates": [
          [
            -8.7835931,
            37.4444023
          ],
          [
            -8.7834083,
            37.4444377
          ],
          [
            -8.7832259,
            37.4445974
          ],
          [
            -8.7829667,
            37.4447817
          ],
          [
            -8.7826305,
            37.444864
          ],
          [
            -8.7820591,
            37.4448981
          ],
          [
            -8.7816646,
            37.4448555
          ],
          [
            -8.7810299,
            37.4449341
          ],
          [
            -8.778418,
            37.4413001
          ],
          [
            -8.778328,
            37.4411301
          ],
          [
            -8.7782986,
            37.4410745
          ],
          [
            -8.7782206,
            37.4409205
          ]
        ],
        "type": "LineString"
      },
      "properties": {
        "highway": "track",
        "label": "Track",
        "layer": "track",
        "osm_id": 33897054,
        "osm_type": "way"
      },
      "type": "Feature"
    },
    {
      "geometry": {
        "coordinates": [
          [
            -8.7995674,
            37.4389223
          ],
          [
            -8.7997621,
            37.439108
          ]
        ],
        "type": "LineString"
      },
      "properties": {
        "highway": "footway",
        "label": "Path",
        "layer": "path",
        "lit": "no",
        "osm_id": 37236253,
        "osm_type": "way",
        "source": "survey",
        "surface": "compacted"
      },
      "type": "Feature"
    },
    {
      "geometry": {
        "coordinates": [
          [
            -8.7981022,
            37.4406996
          ],
          [
            -8.7980522,
            37.4407484
          ],
          [
            -8.7979634,
            37.4408127
          ],
          [
            -8.7978273,
            37.4409369
          ],
          [
            -8.7978092,
            37.4409675
          ],
          [
            -8.7978028,
            37.4410385
          ],
          [
            -8.7978065,
            37.4410703
          ],
          [
            -8.7978058,
            37.4411118
          ],
          [
            -8.7977824,
            37.4411438
          ],
          [
            -8.7977557,
            37.4411736
          ]
        ],
        "type": "LineString"
      },
      "properties": {
        "highway": "residential",
        "lane_markings": "no",
        "layer": "road",
        "lit": "yes",
        "name": "Rua Pedro Lu\u00eds",
        "osm_id": 37236258,
        "osm_type": "way",
        "postal_code": "8670-325",
        "sidewalk": "no",
        "surface": "paving_stones"
      },
      "type": "Feature"
    },
    {
      "geometry": {
        "coordinates": [
          [
            -8.7977557,
            37.4411736
          ],
          [
            -8.7977938,
            37.4412034
          ],
          [
            -8.7978461,
            37.4412156
          ],
          [
            -8.7979098,
            37.441218
          ],
          [
            -8.7979125,
            37.4412234
          ],
          [
            -8.7978598,
            37.4412552
          ]
        ],
        "type": "LineString"
      },
      "properties": {
        "handrail": "yes",
        "highway": "steps",
        "incline": "down",
        "label": "Path",
        "layer": "path",
        "lit": "no",
        "osm_id": 37236259,
        "osm_type": "way",
        "ramp": "no",
        "step_count": "47",
        "surface": "wood",
        "tactile_paving": "no"
      },
      "type": "Feature"
    },
    {
      "geometry": {
        "coordinates": [
          [
            -8.7987448,
            37.4379638
          ],
          [
            -8.798642,
            37.437969
          ],
          [
            -8.7982102,
            37.4380776
          ],
          [
            -8.797824,
            37.4381884
          ],
          [
            -8.7976714,
            37.4382376
          ]
        ],
        "type": "LineString"
      },
      "properties": {
        "bicycle": "yes",
        "cycleway": "no",
        "highway": "unclassified",
        "label": "Road",
        "lanes": "2",
        "layer": "road",
        "osm_id": 37287510,
        "osm_type": "way",
        "source": "survey",
        "surface": "asphalt"
      },
      "type": "Feature"
    },
    {
      "geometry": {
        "coordinates": [
          [
            -8.7903668,
            37.435071
          ],
          [
            -8.7904853,
            37.4350735
          ],
          [
            -8.7906005,
            37.4350635
          ],
          [
            -8.7906664,
            37.4350559
          ],
          [
            -8.7916969,
            37.4349662
          ],
          [
            -8.7918573,
            37.4349647
          ],
          [
            -8.7920042,
            37.4350308
          ],
          [
            -8.7921049,
            37.4350819
          ],
          [
            -8.7922295,
            37.4351401
          ],
          [
            -8.792454,
            37.4351185
          ],
          [
            -8.7927059,
            37.4350381
          ],
          [
            -8.7928267,
            37.4349825
          ],
          [
            -8.7929662,
            37.4349744
          ],
          [
            -8.7930875,
            37.435016
          ],
          [
            -8.7932275,
            37.4351601
          ],
          [
            -8.7933233,
            37.4353601
          ],
          [
            -8.7934121,
            37.4355533
          ],
          [
            -8.7935538,
            37.4357324
          ],
          [
            -8.793737,
            37.4358693
          ],
          [
            -8.7942006,
            37.4361926
          ],
          [
            -8.7945002,
            37.4364341
          ],
          [
            -8.7948122,
            37.4371141
          ],
          [
            -8.7949826,
            37.437343
          ],
          [
            -8.7957688,
            37.438097
          ],
          [
            -8.7963966,
            37.4386145
          ],
          [
            -8.7965663,
            37.4389423
          ],
          [
            -8.7967703,
            37.4394126
          ],
          [
            -8.7969675,
            37.4395784
          ],
          [
            -8.797284,
            37.439825
          ],
          [
            -8.7973705,
            37.4398764
          ],
          [
            -8.7975132,
            37.4401928
          ],
          [
            -8.7976106,
            37.4404263
          ],
          [
            -8.7976369,
            37.4404942
          ],
          [
            -8.7976784,
            37.4405485
          ],
          [
            -8.7977462,
            37.4405948
          ],
          [
            -8.7978102,
            37.4406282
          ],
          [
            -8.797945,
            37.4406771
          ],
          [
            -8.7981022,
            37.4406996
          ],
          [
            -8.798167,
            37.440705
          ],
          [
            -8.7982551,
            37.4406992
          ],
          [
            -8.7983371,
            37.4406842
          ],
          [
            -8.7984125,
            37.4406677
          ],
          [
            -8.7985529,
            37.4406138
          ],
          [
            -8.7985733,
            37.440606
          ],
          [
            -8.7987463,
            37.4405276
          ],
          [
            -8.7987835,
            37.4404958
          ],
          [
            -8.7989022,
            37.4404197
          ],
          [
            -8.7990517,
            37.4402807
          ],
          [
            -8.7991503,
            37.4401386
          ],
          [
            -8.7991986,
            37.4399788
          ],
          [
            -8.7992013,
            37.4398729
          ],
          [
            -8.7991805,
            37.4397574
          ],
          [
            -8.7991362,
            37.4395737
          ],
          [
            -8.7990866,
            37.4394347
          ],
          [
            -8.7989592,
            37.439218
          ],
          [
            -8.7988968,
            37.4390918
          ],
          [
            -8.7989049,
            37.4390551
          ],
          [
            -8.7989283,
            37.4390242
          ],
          [
            -8.7989458,
            37.4390045
          ],
          [
            -8.7989974,
            37.4389726
          ],
          [
            -8.799049,
            37.4389646
          ],
          [
            -8.7991034,
            37.4389673
          ],
          [
            -8.7993639,
            37.4389875
          ],
          [
            -8.7994801,
            37.4389726
          ],
          [
            -8.7995674,
            37.4389223
          ],
          [
            -8.7995999,
            37.4388666
          ],
          [
            -8.7996193,
            37.438787
          ],
          [
            -8.7995979,
            37.4386811
          ],
          [
            -8.7995452,
            37.4385674
          ],
          [
            -8.7995067,
            37.4384982
          ],
          [
            -8.7994641,
            37.4384346
          ],
          [
            -8.7993903,
            37.4383587
          ],
          [
            -8.799299,
            37.4382821
          ],
          [
            -8.7991778,
            37.4382165
          ],
          [
            -8.7990269,
            37.4381314
          ],
          [
            -8.7988874,
            37.4380595
          ],
          [
            -8.798819,
            37.4380227
          ],
          [
            -8.7987448,
            37.4379638
          ]
        ],
        "type": "LineString"
      },
      "properties": {
        "bicycle": "yes",
        "cycleway": "no",
        "highway": "unclassified",
        "lanes": "1",
        "layer": "road",
        "name": "Estrada da Praia de Odeceixe",
        "oneway": "yes",
        "oneway:bicycle": "no",
        "osm_id": 37296478,
        "osm_type": "way",
        "postal_code": "8670-325",
        "shoulder": "no",
        "smoothness": "excellent",
        "source": "survey",
        "surface": "asphalt"
      },
      "type": "Feature"
    },
    {
      "geometry": {
        "coordinates": [
          [
            -8.7973705,
            37.4398764
          ],
          [
            -8.7975689,
            37.439919
          ],
          [
            -8.797831,
            37.4400751
          ],
          [
            -8.7981476,
            37.4401791
          ],
          [
            -8.7983114,
            37.4401705
          ],
          [
            -8.7985116,
            37.4400489
          ],
          [
            -8.7985823,
            37.4399367
          ],
          [
            -8.7986362,
            37.4397763
          ],
          [
            -8.7985857,
            37.4395891
          ],
          [
            -8.7983803,
            37.4393779
          ],
          [
            -8.7980504,
            37.4391667
          ],
          [
            -8.7977743,
            37.4390571
          ],
          [
            -8.7973773,
            37.4389221
          ],
          [
            -8.7972723,
            37.4388719
          ]
        ],
        "type": "LineString"
      },
      "properties": {
        "highway": "unclassified",
        "label": "Road",
        "layer": "road",
        "oneway": "yes",
        "osm_id": 42730956,
        "osm_type": "way"
      },
      "type": "Feature"
    },
    {
      "geometry": {
        "coordinates": [
          [
            -8.8023665,
            37.4303898
          ],
          [
            -8.802772,
            37.429931
          ],
          [
            -8.8029246,
            37.4296818
          ],
          [
            -8.8029029,
            37.4295122
          ],
          [
            -8.8029244,
            37.429197
          ],
          [
            -8.8032961,
            37.4290241
          ],
          [
            -8.8039436,
            37.4285325
          ],
          [
            -8.8045836,
            37.4282487
          ],
          [
            -8.805238,
            37.4281635
          ]
        ],
        "type": "LineString"
      },
      "properties": {
        "4wd_only": "yes",
        "highway": "track",
        "label": "Track",
        "layer": "track",
        "osm_id": 128461084,
        "osm_type": "way",
        "surface": "sand",
        "tracktype": "grade3"
      },
      "type": "Feature"
    },
    {
      "geometry": {
        "coordinates": [
          [
            -8.8013301,
            37.4263274
          ],
          [
            -8.7957038,
            37.4248177
          ],
          [
            -8.7952129,
            37.4247386
          ],
          [
            -8.7949872,
            37.4246949
          ],
          [
            -8.7945988,
            37.4242809
          ],
          [
            -8.7945451,
            37.4240849
          ]
        ],
        "type": "LineString"
      },
      "properties": {
        "highway": "track",
        "label": "Track",
        "layer": "track",
        "osm_id": 128461085,
        "osm_type": "way"
      },
      "type": "Feature"
    },
    {
      "geometry": {
        "coordinates": [
          [
            -8.7927009,
            37.4313607
          ],
          [
            -8.7928822,
            37.4313099
          ],
          [
            -8.7932239,
            37.4311983
          ],
          [
            -8.7932944,
            37.4311834
          ],
          [
            -8.7933829,
            37.4311712
          ],
          [
            -8.793468,
            37.4311674
          ],
          [
            -8.7935606,
            37.4311834
          ],
          [
            -8.7937758,
            37.4312436
          ],
          [
            -8.7945201,
            37.4314459
          ],
          [
            -8.7953523,
            37.4316685
          ],
          [
            -8.7955427,
            37.4317164
          ],
          [
            -8.7956125,
            37.4317308
          ],
          [
            -8.7957216,
            37.4317333
          ],
          [
            -8.7960148,
            37.4317058
          ],
          [
            -8.7963145,
            37.4316605
          ],
          [
            -8.7965988,
            37.4316121
          ],
          [
            -8.7967135,
            37.4316014
          ],
          [
            -8.7969998,
            37.4315945
          ],
          [
            -8.7974511,
            37.4316035
          ],
          [
            -8.7978186,
            37.4315966
          ],
          [
            -8.7979943,
            37.4315961
          ],
          [
            -8.7981847,
            37.4315886
          ],
          [
            -8.7983537,
            37.4315652
          ],
          [
            -8.7984328,
            37.4315476
          ],
          [
            -8.7986742,
            37.4315024
          ],
          [
            -8.7989739,
            37.4314507
          ],
          [
            -8.7991562,
            37.4313978
          ],
          [
            -8.8001885,
            37.430935
          ],
          [
            -8.8003097,
            37.4309087
          ],
          [
            -8.8004512,
            37.4309227
          ],
          [
            -8.8009436,
            37.4310455
          ],
          [
            -8.8011074,
            37.4310688
          ],
          [
            -8.8013953,
            37.4311025
          ],
          [
            -8.8014744,
            37.4311078
          ],
          [
            -8.8015477,
            37.4311077
          ],
          [
            -8.8016729,
            37.4310359
          ],
          [
            -8.8022347,
            37.4305101
          ],
          [
            -8.8023665,
            37.4303898
          ]
        ],
        "type": "LineString"
      },
      "properties": {
        "bicycle": "yes",
        "cycleway": "no",
        "highway": "unclassified",
        "label": "Road",
        "layer": "road",
        "osm_id": 128461087,
        "osm_type": "way"
      },
      "type": "Feature"
    },
    {
      "geometry": {
        "coordinates": [
          [
            -8.797042,
            37.4406108
          ],
          [
            -8.7973085,
            37.4406908
          ]
        ],
        "type": "LineString"
      },
      "properties": {
        "bicycle": "yes",
        "foot": "yes",
        "highway": "residential",
        "horse": "yes",
        "layer": "road",
        "lit": "yes",
        "motor_vehicle": "yes",
        "name": "Rua do Posto",
        "oneway": "no",
        "osm_id": 143086637,
        "osm_type": "way",
        "postal_code": "8670-325",
        "surface": "unhewn_cobblestone"
      },
      "type": "Feature"
    },
    {
      "geometry": {
        "coordinates": [
          [
            -8.7973109,
            37.440861
          ],
          [
            -8.7973105,
            37.4409635
          ],
          [
            -8.7973117,
            37.4411414
          ]
        ],
        "type": "LineString"
      },
      "properties": {
        "access_tags": {
          "motor_vehicle": "no"
        },
        "highway": "steps",
        "horse": "no",
        "label": "Path",
        "layer": "path",
        "motor_vehicle": "no",
        "osm_id": 143086638,
        "osm_type": "way"
      },
      "type": "Feature"
    },
    {
      "geometry": {
        "coordinates": [
          [
            -8.7973109,
            37.440861
          ],
          [
            -8.7973113,
            37.4408058
          ],
          [
            -8.7973085,
            37.4406908
          ],
          [
            -8.7973042,
            37.44055
          ],
          [
            -8.797297,
            37.4402765
          ],
          [
            -8.7972952,
            37.4402112
          ],
          [
            -8.7972889,
            37.4399761
          ],
          [
            -8.797284,
            37.439825
          ]
        ],
        "type": "LineString"
      },
      "properties": {
        "highway": "residential",
        "lane_markings": "no",
        "layer": "road",
        "name": "Rua Principal",
        "osm_id": 143086639,
        "osm_type": "way",
        "postal_code": "8670-325",
        "surface": "paving_stones"
      },
      "type": "Feature"
    },
    {
      "geometry": {
        "coordinates": [
          [
            -8.797125,
            37.436017
          ],
          [
            -8.7971511,
            37.4361347
          ],
          [
            -8.7969927,
            37.4364094
          ],
          [
            -8.7968784,
            37.4366949
          ],
          [
            -8.7966056,
            37.4374787
          ],
          [
            -8.7964278,
            37.4380584
          ]
        ],
        "type": "LineString"
      },
      "properties": {
        "highway": "track",
        "label": "Track",
        "layer": "track",
        "osm_id": 143462089,
        "osm_type": "way"
      },
      "type": "Feature"
    },
    {
      "geometry": {
        "coordinates": [
          [
            -8.7987182,
            37.4346499
          ],
          [
            -8.7983881,
            37.4347687
          ],
          [
            -8.797125,
            37.436017
          ],
          [
            -8.7963418,
            37.4360809
          ],
          [
            -8.7955889,
            37.4358941
          ]
        ],
        "type": "LineString"
      },
      "properties": {
        "highway": "residential",
        "label": "Road",
        "layer": "road",
        "osm_id": 143462090,
        "osm_type": "way"
      },
      "type": "Feature"
    },
    {
      "geometry": {
        "coordinates": [
          [
            -8.797077,
            37.4394542
          ],
          [
            -8.7970563,
            37.4394712
          ],
          [
            -8.7969675,
            37.4395784
          ]
        ],
        "type": "LineString"
      },
      "properties": {
        "handrail": "yes",
        "highway": "steps",
        "label": "Path",
        "layer": "path",
        "osm_id": 143462091,
        "osm_type": "way",
        "ramp": "no",
        "surface": "wood",
        "tactile_paving": "no"
      },
      "type": "Feature"
    },
    {
      "geometry": {
        "coordinates": [
          [
            -8.7979499,
            37.4396822
          ],
          [
            -8.7973405,
            37.4393657
          ],
          [
            -8.7971862,
            37.4392004
          ],
          [
            -8.7971592,
            37.4390474
          ],
          [
            -8.7972723,
            37.4388719
          ]
        ],
        "type": "LineString"
      },
      "properties": {
        "highway": "service",
        "label": "Track",
        "layer": "track",
        "osm_id": 143462092,
        "osm_type": "way",
        "service": "parking_aisle"
      },
      "type": "Feature"
    },
    {
      "geometry": {
        "coordinates": [
          [
            [
              -8.797755,
              37.4381399
            ],
            [
              -8.7981578,
              37.4380061
            ],
            [
              -8.7985494,
              37.437872
            ],
            [
              -8.7988203,
              37.4376633
            ],
            [
              -8.7989008,
              37.4375248
            ],
            [
              -8.7988283,
              37.4374226
            ],
            [
              -8.7977658,
              37.4376846
            ],
            [
              -8.7976562,
              37.4377229
            ],
            [
              -8.797755,
              37.4381399
            ]
          ]
        ],
        "type": "Polygon"
      },
      "properties": {
        "access": "yes",
        "amenity": "parking",
        "fee": "no",
        "label": "Parking",
        "layer": "parking",
        "osm_id": 143470628,
        "osm_type": "way",
        "parking": "surface"
      },
      "type": "Feature"
    },
    {
      "geometry": {
        "coordinates": [
          [
            [
              -8.7979539,
              37.4397482
            ],
            [
              -8.7980286,
              37.4396607
            ],
            [
              -8.797844,
              37.4395629
            ],
            [
              -8.7973635,
              37.4393178
            ],
            [
              -8.7972374,
              37.4391261
            ],
            [
              -8.7973156,
              37.4389688
            ],
            [
              -8.7971864,
              37.4389409
            ],
            [
              -8.7971086,
              37.4390665
            ],
            [
              -8.797106,
              37.4391986
            ],
            [
              -8.7969424,
              37.4393838
            ],
            [
              -8.7970559,
              37.4394597
            ],
            [
              -8.7970903,
              37.439482
            ],
            [
              -8.7971634,
              37.4393716
            ],
            [
              -8.7972238,
              37.4394132
            ],
            [
              -8.7973554,
              37.4394925
            ],
            [
              -8.7974041,
              37.4394373
            ],
            [
              -8.7977658,
              37.4396138
            ],
            [
              -8.7977984,
              37.4396694
            ],
            [
              -8.7979539,
              37.4397482
            ]
          ]
        ],
        "type": "Polygon"
      },
      "properties": {
        "amenity": "parking",
        "label": "Parking",
        "layer": "parking",
        "osm_id": 143470629,
        "osm_type": "way"
      },
      "type": "Feature"
    },
    {
      "geometry": {
        "coordinates": [
          [
            -8.8000597,
            37.4383361
          ],
          [
            -8.7999478,
            37.4382891
          ],
          [
            -8.7998044,
            37.4382001
          ],
          [
            -8.7993055,
            37.4377409
          ],
          [
            -8.7991636,
            37.4376803
          ],
          [
            -8.7990342,
            37.4376644
          ],
          [
            -8.7989837,
            37.4376637
          ],
          [
            -8.7989215,
            37.4376554
          ]
        ],
        "type": "LineString"
      },
      "properties": {
        "access_tags": {
          "motor_vehicle": "no"
        },
        "bicycle": "dismount",
        "highway": "track",
        "label": "Track",
        "layer": "track",
        "lit": "no",
        "motor_vehicle": "no",
        "osm_id": 143608886,
        "osm_type": "way",
        "surface": "ground"
      },
      "type": "Feature"
    },
    {
      "geometry": {
        "coordinates": [
          [
            -8.7919014,
            37.428257
          ],
          [
            -8.7916337,
            37.4282146
          ],
          [
            -8.7914691,
            37.4281581
          ],
          [
            -8.7913677,
            37.4281811
          ],
          [
            -8.7909903,
            37.4281259
          ],
          [
            -8.7905942,
            37.4280436
          ],
          [
            -8.7893932,
            37.4277593
          ]
        ],
        "type": "LineString"
      },
      "properties": {
        "highway": "service",
        "label": "Track",
        "layer": "track",
        "osm_id": 143608898,
        "osm_type": "way"
      },
      "type": "Feature"
    },
    {
      "geometry": {
        "coordinates": [
          [
            -8.7997968,
            37.4306494
          ],
          [
            -8.7973452,
            37.4298698
          ],
          [
            -8.7940326,
            37.4288662
          ],
          [
            -8.792434,
            37.4283684
          ],
          [
            -8.7920519,
            37.4283026
          ],
          [
            -8.7919014,
            37.428257
          ]
        ],
        "type": "LineString"
      },
      "properties": {
        "highway": "track",
        "label": "Track",
        "layer": "track",
        "osm_id": 143608901,
        "osm_type": "way"
      },
      "type": "Feature"
    },
    {
      "geometry": {
        "coordinates": [
          [
            -8.7931717,
            37.4245618
          ],
          [
            -8.7929423,
            37.4245305
          ],
          [
            -8.7924633,
            37.424473
          ],
          [
            -8.7923402,
            37.4245192
          ],
          [
            -8.7917113,
            37.4258546
          ],
          [
            -8.7914819,
            37.4259847
          ],
          [
            -8.7905942,
            37.4280436
          ]
        ],
        "type": "LineString"
      },
      "properties": {
        "highway": "track",
        "label": "Track",
        "layer": "track",
        "osm_id": 143608905,
        "osm_type": "way"
      },
      "type": "Feature"
    },
    {
      "geometry": {
        "coordinates": [
          [
            -8.7990503,
            37.4374152
          ],
          [
            -8.7987378,
            37.4375056
          ],
          [
            -8.798504,
            37.4376904
          ],
          [
            -8.7980481,
            37.4378776
          ],
          [
            -8.7978749,
            37.4379966
          ],
          [
            -8.7978188,
            37.43811
          ],
          [
            -8.797824,
            37.4381884
          ]
        ],
        "type": "LineString"
      },
      "properties": {
        "highway": "unclassified",
        "label": "Road",
        "layer": "road",
        "osm_id": 143608906,
        "osm_type": "way",
        "surface": "sand",
        "tracktype": "grade3"
      },
      "type": "Feature"
    },
    {
      "geometry": {
        "coordinates": [
          [
            -8.8003599,
            37.4388227
          ],
          [
            -8.8001189,
            37.4384704
          ],
          [
            -8.8001063,
            37.4383941
          ]
        ],
        "type": "LineString"
      },
      "properties": {
        "handrail": "yes",
        "highway": "steps",
        "incline": "up",
        "label": "Path",
        "layer": "path",
        "lit": "no",
        "osm_id": 143608907,
        "osm_type": "way",
        "ramp": "no",
        "surface": "wood"
      },
      "type": "Feature"
    },
    {
      "geometry": {
        "coordinates": [
          [
            -8.8011788,
            37.4264744
          ],
          [
            -8.8004459,
            37.4270242
          ],
          [
            -8.8003332,
            37.4273053
          ],
          [
            -8.7992657,
            37.4279997
          ],
          [
            -8.7989706,
            37.4279784
          ],
          [
            -8.7973452,
            37.4274928
          ],
          [
            -8.7965162,
            37.4272069
          ],
          [
            -8.7951874,
            37.4268717
          ],
          [
            -8.7948901,
            37.426793
          ]
        ],
        "type": "LineString"
      },
      "properties": {
        "highway": "track",
        "label": "Track",
        "layer": "track",
        "osm_id": 143608917,
        "osm_type": "way"
      },
      "type": "Feature"
    },
    {
      "geometry": {
        "coordinates": [
          [
            -8.7941603,
            37.4286213
          ],
          [
            -8.7945483,
            37.4277341
          ],
          [
            -8.7948539,
            37.4269894
          ],
          [
            -8.7948223,
            37.4268994
          ],
          [
            -8.7948901,
            37.426793
          ],
          [
            -8.7950814,
            37.4261296
          ],
          [
            -8.7946791,
            37.4253201
          ],
          [
            -8.7946416,
            37.4250475
          ]
        ],
        "type": "LineString"
      },
      "properties": {
        "highway": "track",
        "label": "Track",
        "layer": "track",
        "osm_id": 143608928,
        "osm_type": "way"
      },
      "type": "Feature"
    },
    {
      "geometry": {
        "coordinates": [
          [
            -8.7916306,
            37.4296199
          ],
          [
            -8.7919203,
            37.4296305
          ],
          [
            -8.7932399,
            37.4298094
          ],
          [
            -8.7942699,
            37.4300331
          ],
          [
            -8.7952784,
            37.4301204
          ],
          [
            -8.795949,
            37.4301758
          ],
          [
            -8.7962454,
            37.4304391
          ],
          [
            -8.7965136,
            37.4308331
          ],
          [
            -8.7967595,
            37.4309641
          ],
          [
            -8.7971815,
            37.4311888
          ],
          [
            -8.7974644,
            37.4313898
          ],
          [
            -8.7975006,
            37.4315125
          ],
          [
            -8.7974511,
            37.4316035
          ]
        ],
        "type": "LineString"
      },
      "properties": {
        "highway": "track",
        "label": "Track",
        "layer": "track",
        "osm_id": 144132951,
        "osm_type": "way"
      },
      "type": "Feature"
    },
    {
      "geometry": {
        "coordinates": [
          [
            -8.7912374,
            37.4297331
          ],
          [
            -8.7916306,
            37.4296199
          ],
          [
            -8.7918559,
            37.4295752
          ],
          [
            -8.7922073,
            37.4294516
          ],
          [
            -8.7925318,
            37.4291939
          ],
          [
            -8.7927893,
            37.4290512
          ]
        ],
        "type": "LineString"
      },
      "properties": {
        "highway": "track",
        "label": "Track",
        "layer": "track",
        "osm_id": 144132954,
        "osm_type": "way"
      },
      "type": "Feature"
    },
    {
      "geometry": {
        "coordinates": [
          [
            -8.7872834,
            37.4264688
          ],
          [
            -8.7873887,
            37.4266839
          ],
          [
            -8.7877589,
            37.427029
          ],
          [
            -8.7881183,
            37.4272079
          ],
          [
            -8.7886011,
            37.4273442
          ],
          [
            -8.788939,
            37.4274976
          ],
          [
            -8.7891751,
            37.4276509
          ],
          [
            -8.7893932,
            37.4277593
          ]
        ],
        "type": "LineString"
      },
      "properties": {
        "highway": "track",
        "label": "Track",
        "layer": "track",
        "osm_id": 144132970,
        "osm_type": "way"
      },
      "type": "Feature"
    },
    {
      "geometry": {
        "coordinates": [
          [
            -8.7846904,
            37.4309375
          ],
          [
            -8.7848326,
            37.430995
          ],
          [
            -8.7849586,
            37.4310035
          ],
          [
            -8.7850163,
            37.4309213
          ],
          [
            -8.7849962,
            37.4307458
          ],
          [
            -8.7850391,
            37.4304412
          ],
          [
            -8.7850364,
            37.4303134
          ],
          [
            -8.7849586,
            37.4302005
          ],
          [
            -8.7851115,
            37.4297575
          ],
          [
            -8.7853073,
            37.4292995
          ],
          [
            -8.7852818,
            37.4292322
          ],
          [
            -8.7851826,
            37.429179
          ],
          [
            -8.7848138,
            37.4291036
          ],
          [
            -8.784787,
            37.4290333
          ],
          [
            -8.784854,
            37.4288714
          ],
          [
            -8.7851035,
            37.4279939
          ],
          [
            -8.7852201,
            37.4275836
          ],
          [
            -8.7851826,
            37.4275368
          ],
          [
            -8.7850471,
            37.427504
          ],
          [
            -8.7847856,
            37.4275197
          ],
          [
            -8.7839474,
            37.4274954
          ],
          [
            -8.783462,
            37.4274869
          ],
          [
            -8.7832018,
            37.4274869
          ]
        ],
        "type": "LineString"
      },
      "properties": {
        "highway": "track",
        "label": "Track",
        "layer": "track",
        "osm_id": 144132973,
        "osm_type": "way"
      },
      "type": "Feature"
    },
    {
      "geometry": {
        "coordinates": [
          [
            -8.7812508,
            37.4266908
          ],
          [
            -8.7812422,
            37.4267229
          ],
          [
            -8.781233,
            37.4268053
          ],
          [
            -8.7815388,
            37.4269608
          ],
          [
            -8.7818339,
            37.4271951
          ],
          [
            -8.7820431,
            37.4274017
          ],
          [
            -8.7825098,
            37.4274027
          ],
          [
            -8.7829416,
            37.4274273
          ],
          [
            -8.7832018,
            37.4274869
          ],
          [
            -8.783301,
            37.4276019
          ],
          [
            -8.7833681,
            37.4278916
          ],
          [
            -8.783419,
            37.4282196
          ],
          [
            -8.7835236,
            37.4285775
          ],
          [
            -8.7835505,
            37.4289311
          ],
          [
            -8.7837248,
            37.4291632
          ],
          [
            -8.7839126,
            37.4293613
          ],
          [
            -8.7840413,
            37.4295935
          ],
          [
            -8.7840199,
            37.429815
          ]
        ],
        "type": "LineString"
      },
      "properties": {
        "highway": "track",
        "label": "Track",
        "layer": "track",
        "osm_id": 144132977,
        "osm_type": "way"
      },
      "type": "Feature"
    },
    {
      "geometry": {
        "coordinates": [
          [
            -8.78134,
            37.4323861
          ],
          [
            -8.7813752,
            37.4323027
          ],
          [
            -8.7813484,
            37.4322005
          ],
          [
            -8.7812035,
            37.4319449
          ],
          [
            -8.7811821,
            37.4317532
          ],
          [
            -8.7810265,
            37.4313613
          ],
          [
            -8.7808924,
            37.4310631
          ],
          [
            -8.7809299,
            37.4304114
          ],
          [
            -8.7808294,
            37.430163
          ],
          [
            -8.7807368,
            37.4298022
          ],
          [
            -8.7808066,
            37.4297852
          ],
          [
            -8.780887,
            37.429815
          ],
          [
            -8.7811713,
            37.4300748
          ],
          [
            -8.7812947,
            37.430258
          ],
          [
            -8.7815093,
            37.4303134
          ],
          [
            -8.7817292,
            37.4303134
          ],
          [
            -8.7819277,
            37.430258
          ],
          [
            -8.7819277,
            37.4301941
          ]
        ],
        "type": "LineString"
      },
      "properties": {
        "highway": "track",
        "label": "Track",
        "layer": "track",
        "osm_id": 144132980,
        "osm_type": "way"
      },
      "type": "Feature"
    },
    {
      "geometry": {
        "coordinates": [
          [
            -8.7945201,
            37.4314459
          ],
          [
            -8.7946696,
            37.4310959
          ]
        ],
        "type": "LineString"
      },
      "properties": {
        "highway": "track",
        "label": "Track",
        "layer": "track",
        "osm_id": 144134243,
        "osm_type": "way"
      },
      "type": "Feature"
    },
    {
      "geometry": {
        "coordinates": [
          [
            -8.8022347,
            37.4305101
          ],
          [
            -8.8024735,
            37.4306201
          ],
          [
            -8.8027309,
            37.430684
          ]
        ],
        "type": "LineString"
      },
      "properties": {
        "highway": "track",
        "label": "Track",
        "layer": "track",
        "osm_id": 144134245,
        "osm_type": "way"
      },
      "type": "Feature"
    },
    {
      "geometry": {
        "coordinates": [
          [
            -8.8002472,
            37.4328565
          ],
          [
            -8.8005315,
            37.4324987
          ],
          [
            -8.8011216,
            37.4317702
          ],
          [
            -8.8015795,
            37.4311256
          ],
          [
            -8.8015477,
            37.4311077
          ]
        ],
        "type": "LineString"
      },
      "properties": {
        "highway": "track",
        "label": "Track",
        "layer": "track",
        "osm_id": 144134249,
        "osm_type": "way"
      },
      "type": "Feature"
    },
    {
      "geometry": {
        "coordinates": [
          [
            -8.7927009,
            37.4313607
          ],
          [
            -8.792041,
            37.4315475
          ],
          [
            -8.7913691,
            37.4318469
          ]
        ],
        "type": "LineString"
      },
      "properties": {
        "highway": "track",
        "label": "Track",
        "layer": "track",
        "osm_id": 144134272,
        "osm_type": "way"
      },
      "type": "Feature"
    },
    {
      "geometry": {
        "coordinates": [
          [
            -8.7975132,
            37.4401928
          ],
          [
            -8.7972952,
            37.4402112
          ]
        ],
        "type": "LineString"
      },
      "properties": {
        "access_tags": {
          "motor_vehicle": "no"
        },
        "handrail": "yes",
        "highway": "steps",
        "label": "Path",
        "layer": "path",
        "motor_vehicle": "no",
        "osm_id": 144134410,
        "osm_type": "way",
        "ramp": "no",
        "surface": "paving_stones",
        "tactile_paving": "no"
      },
      "type": "Feature"
    },
    {
      "geometry": {
        "coordinates": [
          [
            -8.7893932,
            37.4277593
          ],
          [
            -8.7892513,
            37.4277961
          ],
          [
            -8.7880378,
            37.4277148
          ],
          [
            -8.7875671,
            37.4276752
          ],
          [
            -8.7873887,
            37.4276467
          ],
          [
            -8.7873042,
            37.4277306
          ],
          [
            -8.7874209,
            37.428094
          ],
          [
            -8.7877964,
            37.4284476
          ],
          [
            -8.7879627,
            37.4286563
          ],
          [
            -8.7880499,
            37.4289277
          ],
          [
            -8.7881022,
            37.4293507
          ]
        ],
        "type": "LineString"
      },
      "properties": {
        "highway": "track",
        "label": "Track",
        "layer": "track",
        "osm_id": 144134765,
        "osm_type": "way"
      },
      "type": "Feature"
    },
    {
      "geometry": {
        "coordinates": [
          [
            -8.7966848,
            37.4381154
          ],
          [
            -8.7967871,
            37.4382274
          ]
        ],
        "type": "LineString"
      },
      "properties": {
        "highway": "unclassified",
        "label": "Road",
        "layer": "road",
        "osm_id": 144343208,
        "osm_type": "way"
      },
      "type": "Feature"
    },
    {
      "geometry": {
        "coordinates": [
          [
            -8.7936491,
            37.4344405
          ],
          [
            -8.793631,
            37.4342903
          ],
          [
            -8.7936249,
            37.4341583
          ],
          [
            -8.7936263,
            37.4339426
          ],
          [
            -8.7936269,
            37.4337323
          ],
          [
            -8.7936054,
            37.4335596
          ],
          [
            -8.7933621,
            37.4329613
          ],
          [
            -8.7931757,
            37.4324113
          ],
          [
            -8.7930246,
            37.4319809
          ],
          [
            -8.7928679,
            37.4316445
          ],
          [
            -8.7927009,
            37.4313607
          ],
          [
            -8.7914767,
            37.4300014
          ],
          [
            -8.7912374,
            37.4297331
          ],
          [
            -8.7908512,
            37.4293417
          ],
          [
            -8.7902689,
            37.4285115
          ],
          [
            -8.789994,
            37.4282709
          ],
          [
            -8.7898807,
            37.4281718
          ],
          [
            -8.7893932,
            37.4277593
          ],
          [
            -8.7889373,
            37.4273366
          ],
          [
            -8.7872834,
            37.4264688
          ],
          [
            -8.7869866,
            37.4263131
          ]
        ],
        "type": "LineString"
      },
      "properties": {
        "bicycle": "yes",
        "cycleway": "no",
        "highway": "unclassified",
        "label": "Road",
        "layer": "road",
        "osm_id": 144343223,
        "osm_type": "way",
        "source": "survey"
      },
      "type": "Feature"
    },
    {
      "geometry": {
        "coordinates": [
          [
            -8.7972723,
            37.4388719
          ],
          [
            -8.797079,
            37.4386772
          ],
          [
            -8.7970246,
            37.4384888
          ]
        ],
        "type": "LineString"
      },
      "properties": {
        "highway": "unclassified",
        "label": "Road",
        "layer": "road",
        "osm_id": 144343225,
        "osm_type": "way"
      },
      "type": "Feature"
    },
    {
      "geometry": {
        "coordinates": [
          [
            -8.7972334,
            37.4382342
          ],
          [
            -8.7975276,
            37.438249
          ],
          [
            -8.7976714,
            37.4382376
          ]
        ],
        "type": "LineString"
      },
      "properties": {
        "highway": "unclassified",
        "label": "Road",
        "layer": "road",
        "osm_id": 144343228,
        "osm_type": "way"
      },
      "type": "Feature"
    },
    {
      "geometry": {
        "coordinates": [
          [
            -8.796915,
            37.4381638
          ],
          [
            -8.7968355,
            37.4381814
          ],
          [
            -8.7967871,
            37.4382274
          ],
          [
            -8.7968029,
            37.4383464
          ],
          [
            -8.796815,
            37.4383966
          ],
          [
            -8.796841,
            37.4384267
          ],
          [
            -8.7968866,
            37.4384576
          ],
          [
            -8.7969338,
            37.4384772
          ],
          [
            -8.7969805,
            37.4384885
          ],
          [
            -8.7970246,
            37.4384888
          ],
          [
            -8.7970521,
            37.438489
          ],
          [
            -8.7971093,
            37.4384806
          ],
          [
            -8.7972108,
            37.4384369
          ],
          [
            -8.7972556,
            37.4384028
          ],
          [
            -8.79728,
            37.4383407
          ],
          [
            -8.7972743,
            37.4382824
          ],
          [
            -8.7972334,
            37.4382342
          ]
        ],
        "type": "LineString"
      },
      "properties": {
        "highway": "unclassified",
        "junction": "roundabout",
        "label": "Road",
        "layer": "road",
        "osm_id": 144343243,
        "osm_type": "way"
      },
      "type": "Feature"
    },
    {
      "geometry": {
        "coordinates": [
          [
            -8.7966723,
            37.438491
          ],
          [
            -8.7963966,
            37.4386145
          ]
        ],
        "type": "LineString"
      },
      "properties": {
        "highway": "unclassified",
        "label": "Road",
        "layer": "road",
        "osm_id": 144343245,
        "osm_type": "way"
      },
      "type": "Feature"
    },
    {
      "geometry": {
        "coordinates": [
          [
            -8.7969338,
            37.4384772
          ],
          [
            -8.7968328,
            37.4384748
          ],
          [
            -8.7966723,
            37.438491
          ]
        ],
        "type": "LineString"
      },
      "properties": {
        "highway": "unclassified",
        "label": "Road",
        "layer": "road",
        "osm_id": 144343252,
        "osm_type": "way"
      },
      "type": "Feature"
    },
    {
      "geometry": {
        "coordinates": [
          [
            -8.7902184,
            37.4293187
          ],
          [
            -8.790205,
            37.4288096
          ],
          [
            -8.7899422,
            37.4285391
          ],
          [
            -8.789994,
            37.4282709
          ]
        ],
        "type": "LineString"
      },
      "properties": {
        "access_tags": {
          "motor_vehicle": "private"
        },
        "highway": "track",
        "label": "Track",
        "layer": "track",
        "motor_vehicle": "private",
        "osm_id": 144343884,
        "osm_type": "way"
      },
      "type": "Feature"
    },
    {
      "geometry": {
        "coordinates": [
          [
            -8.7914767,
            37.4300014
          ],
          [
            -8.7911369,
            37.4300897
          ],
          [
            -8.7907533,
            37.4302708
          ],
          [
            -8.7903955,
            37.430324
          ],
          [
            -8.7901648,
            37.4304135
          ]
        ],
        "type": "LineString"
      },
      "properties": {
        "highway": "track",
        "label": "Track",
        "layer": "track",
        "osm_id": 144619241,
        "osm_type": "way"
      },
      "type": "Feature"
    },
    {
      "geometry": {
        "coordinates": [
          [
            -8.7987448,
            37.4379638
          ],
          [
            -8.7988163,
            37.4378528
          ],
          [
            -8.7989215,
            37.4376554
          ],
          [
            -8.7990503,
            37.4374152
          ],
          [
            -8.7992926,
            37.4373161
          ],
          [
            -8.799593,
            37.4372735
          ],
          [
            -8.7997812,
            37.437259
          ],
          [
            -8.7999256,
            37.4372479
          ],
          [
            -8.8002099,
            37.4372054
          ],
          [
            -8.8004943,
            37.4371372
          ],
          [
            -8.8006015,
            37.4371204
          ],
          [
            -8.8006386,
            37.4371146
          ],
          [
            -8.8008751,
            37.4370776
          ],
          [
            -8.8010893,
            37.4370483
          ],
          [
            -8.8012389,
            37.4370468
          ],
          [
            -8.8013736,
            37.4370672
          ]
        ],
        "type": "LineString"
      },
      "properties": {
        "highway": "unclassified",
        "label": "Road",
        "layer": "road",
        "osm_id": 146052708,
        "osm_type": "way",
        "smoothness": "intermediate",
        "surface": "compacted",
        "tracktype": "grade2"
      },
      "type": "Feature"
    },
    {
      "geometry": {
        "coordinates": [
          [
            -8.7941603,
            37.4286213
          ],
          [
            -8.7940326,
            37.4288662
          ]
        ],
        "type": "LineString"
      },
      "properties": {
        "highway": "track",
        "label": "Track",
        "layer": "track",
        "osm_id": 146053820,
        "osm_type": "way"
      },
      "type": "Feature"
    },
    {
      "geometry": {
        "coordinates": [
          [
            -8.8011788,
            37.4264744
          ],
          [
            -8.8013301,
            37.4263274
          ]
        ],
        "type": "LineString"
      },
      "properties": {
        "highway": "track",
        "label": "Track",
        "layer": "track",
        "osm_id": 146055313,
        "osm_type": "way"
      },
      "type": "Feature"
    },
    {
      "geometry": {
        "coordinates": [
          [
            -8.7948901,
            37.426793
          ],
          [
            -8.7946757,
            37.4267117
          ],
          [
            -8.7940865,
            37.426561
          ],
          [
            -8.7918332,
            37.4258318
          ],
          [
            -8.7917113,
            37.4258546
          ],
          [
            -8.7911708,
            37.4257334
          ],
          [
            -8.7887407,
            37.4250773
          ],
          [
            -8.7887032,
            37.4247109
          ],
          [
            -8.7884993,
            37.4244596
          ],
          [
            -8.7882204,
            37.4243105
          ],
          [
            -8.7887887,
            37.4230203
          ],
          [
            -8.792351,
            37.4239739
          ],
          [
            -8.79315,
            37.4242131
          ],
          [
            -8.7931717,
            37.4245618
          ],
          [
            -8.793279,
            37.4246769
          ],
          [
            -8.7946416,
            37.4250475
          ],
          [
            -8.7949872,
            37.4246949
          ]
        ],
        "type": "LineString"
      },
      "properties": {
        "highway": "track",
        "label": "Track",
        "layer": "track",
        "osm_id": 146055328,
        "osm_type": "way"
      },
      "type": "Feature"
    },
    {
      "geometry": {
        "coordinates": [
          [
            -8.8018223,
            37.4354218
          ],
          [
            -8.8014916,
            37.4356722
          ],
          [
            -8.8013736,
            37.4359363
          ],
          [
            -8.801345,
            37.4361914
          ],
          [
            -8.8012824,
            37.436392
          ],
          [
            -8.8010947,
            37.4367285
          ],
          [
            -8.80101,
            37.4368565
          ],
          [
            -8.8008523,
            37.4369906
          ],
          [
            -8.8006015,
            37.4371204
          ]
        ],
        "type": "LineString"
      },
      "properties": {
        "highway": "track",
        "label": "Track",
        "layer": "track",
        "osm_id": 155183003,
        "osm_type": "way",
        "surface": "ground"
      },
      "type": "Feature"
    },
    {
      "geometry": {
        "coordinates": [
          [
            -8.8010839,
            37.4372397
          ],
          [
            -8.800956,
            37.4372629
          ],
          [
            -8.8006816,
            37.437474
          ],
          [
            -8.8004778,
            37.4374569
          ]
        ],
        "type": "LineString"
      },
      "properties": {
        "highway": "path",
        "label": "Path",
        "layer": "path",
        "osm_id": 155183005,
        "osm_type": "way"
      },
      "type": "Feature"
    },
    {
      "geometry": {
        "coordinates": [
          [
            -8.7968784,
            37.4366949
          ],
          [
            -8.7969789,
            37.43677
          ],
          [
            -8.7970554,
            37.4368783
          ],
          [
            -8.7970938,
            37.4369897
          ],
          [
            -8.7971723,
            37.4370568
          ],
          [
            -8.7972844,
            37.4371843
          ],
          [
            -8.7974464,
            37.4373016
          ],
          [
            -8.7974773,
            37.4373778
          ],
          [
            -8.7974505,
            37.4374657
          ],
          [
            -8.7974296,
            37.4375948
          ],
          [
            -8.7974852,
            37.4377538
          ],
          [
            -8.7975435,
            37.4378622
          ],
          [
            -8.797612,
            37.4379012
          ],
          [
            -8.7976692,
            37.4379907
          ],
          [
            -8.7978188,
            37.43811
          ]
        ],
        "type": "LineString"
      },
      "properties": {
        "highway": "track",
        "label": "Track",
        "layer": "track",
        "osm_id": 155183008,
        "osm_type": "way"
      },
      "type": "Feature"
    },
    {
      "geometry": {
        "coordinates": [
          [
            -8.7991778,
            37.4382165
          ],
          [
            -8.7990765,
            37.4383193
          ],
          [
            -8.7990014,
            37.4383821
          ],
          [
            -8.7989274,
            37.4384068
          ],
          [
            -8.7988418,
            37.4384109
          ],
          [
            -8.7985937,
            37.4383789
          ],
          [
            -8.7985412,
            37.4383855
          ],
          [
            -8.7984355,
            37.4384237
          ],
          [
            -8.7981818,
            37.4385431
          ]
        ],
        "type": "LineString"
      },
      "properties": {
        "highway": "track",
        "label": "Track",
        "layer": "track",
        "osm_id": 155183012,
        "osm_type": "way",
        "surface": "sand"
      },
      "type": "Feature"
    },
    {
      "geometry": {
        "coordinates": [
          [
            -8.7997812,
            37.437259
          ],
          [
            -8.8001344,
            37.4373547
          ],
          [
            -8.8004027,
            37.4373802
          ],
          [
            -8.8004778,
            37.4374569
          ],
          [
            -8.800467,
            37.4375719
          ],
          [
            -8.8006587,
            37.4377172
          ],
          [
            -8.8009557,
            37.4377655
          ],
          [
            -8.8010692,
            37.4378117
          ],
          [
            -8.8012535,
            37.4381164
          ],
          [
            -8.8013572,
            37.4383102
          ],
          [
            -8.8017075,
            37.4386621
          ]
        ],
        "type": "LineString"
      },
      "properties": {
        "highway": "path",
        "label": "Path",
        "layer": "path",
        "osm_id": 155183014,
        "osm_type": "way"
      },
      "type": "Feature"
    },
    {
      "geometry": {
        "coordinates": [
          [
            -8.8031439,
            37.4349949
          ],
          [
            -8.8033209,
            37.4353825
          ],
          [
            -8.8034121,
            37.4355614
          ],
          [
            -8.8035178,
            37.4356852
          ]
        ],
        "type": "LineString"
      },
      "properties": {
        "highway": "footway",
        "label": "Path",
        "layer": "path",
        "osm_id": 155183020,
        "osm_type": "way"
      },
      "type": "Feature"
    },
    {
      "geometry": {
        "coordinates": [
          [
            -8.8010692,
            37.4378117
          ],
          [
            -8.8008702,
            37.437544
          ],
          [
            -8.8009445,
            37.4374527
          ],
          [
            -8.8014067,
            37.4372354
          ],
          [
            -8.8015238,
            37.4374953
          ],
          [
            -8.8016847,
            37.437606
          ]
        ],
        "type": "LineString"
      },
      "properties": {
        "highway": "path",
        "label": "Path",
        "layer": "path",
        "osm_id": 155183021,
        "osm_type": "way"
      },
      "type": "Feature"
    },
    {
      "geometry": {
        "coordinates": [
          [
            -8.8004027,
            37.4373802
          ],
          [
            -8.8007894,
            37.437157
          ]
        ],
        "type": "LineString"
      },
      "properties": {
        "highway": "path",
        "label": "Path",
        "layer": "path",
        "osm_id": 155183037,
        "osm_type": "way"
      },
      "type": "Feature"
    },
    {
      "geometry": {
        "coordinates": [
          [
            -8.8014066,
            37.437168
          ],
          [
            -8.8010839,
            37.4372397
          ],
          [
            -8.8007894,
            37.437157
          ],
          [
            -8.8006386,
            37.4371146
          ]
        ],
        "type": "LineString"
      },
      "properties": {
        "highway": "path",
        "label": "Path",
        "layer": "path",
        "osm_id": 155183039,
        "osm_type": "way"
      },
      "type": "Feature"
    },
    {
      "geometry": {
        "coordinates": [
          [
            -8.7865253,
            37.4534913
          ],
          [
            -8.7845567,
            37.452487
          ],
          [
            -8.7825999,
            37.4514527
          ],
          [
            -8.7812215,
            37.4507242
          ],
          [
            -8.7804076,
            37.450294
          ],
          [
            -8.7809606,
            37.4496974
          ]
        ],
        "type": "LineString"
      },
      "properties": {
        "highway": "track",
        "label": "Track",
        "layer": "track",
        "osm_id": 155700182,
        "osm_type": "way"
      },
      "type": "Feature"
    },
    {
      "geometry": {
        "coordinates": [
          [
            -8.7868508,
            37.4496548
          ],
          [
            -8.7858791,
            37.4508791
          ],
          [
            -8.7845567,
            37.452487
          ],
          [
            -8.7831807,
            37.4542143
          ]
        ],
        "type": "LineString"
      },
      "properties": {
        "highway": "track",
        "label": "Track",
        "layer": "track",
        "osm_id": 155700196,
        "osm_type": "way"
      },
      "type": "Feature"
    },
    {
      "geometry": {
        "coordinates": [
          [
            -8.7851242,
            37.4552499
          ],
          [
            -8.7865253,
            37.4534913
          ],
          [
            -8.7878452,
            37.4518582
          ],
          [
            -8.7888034,
            37.4506769
          ]
        ],
        "type": "LineString"
      },
      "properties": {
        "highway": "track",
        "label": "Track",
        "layer": "track",
        "osm_id": 155700198,
        "osm_type": "way"
      },
      "type": "Feature"
    },
    {
      "geometry": {
        "coordinates": [
          [
            -8.7824996,
            37.449138
          ],
          [
            -8.7825718,
            37.4490034
          ],
          [
            -8.7824737,
            37.4487747
          ],
          [
            -8.7820611,
            37.4485259
          ],
          [
            -8.7819944,
            37.4485245
          ]
        ],
        "type": "LineString"
      },
      "properties": {
        "highway": "track",
        "label": "Track",
        "layer": "track",
        "osm_id": 155700199,
        "osm_type": "way"
      },
      "type": "Feature"
    },
    {
      "geometry": {
        "coordinates": [
          [
            -8.7631136,
            37.4407462
          ],
          [
            -8.7633514,
            37.4407183
          ],
          [
            -8.7646652,
            37.4408706
          ],
          [
            -8.7661694,
            37.4414037
          ],
          [
            -8.7677907,
            37.4415168
          ],
          [
            -8.7686257,
            37.4415751
          ],
          [
            -8.7729288,
            37.44247
          ],
          [
            -8.7737666,
            37.4425271
          ],
          [
            -8.7738809,
            37.4419559
          ],
          [
            -8.7747758,
            37.4418036
          ],
          [
            -8.7751566,
            37.442013
          ],
          [
            -8.7760431,
            37.4416645
          ],
          [
            -8.7761214,
            37.4412582
          ],
          [
            -8.7767941,
            37.4410729
          ],
          [
            -8.7774432,
            37.4410304
          ],
          [
            -8.7782206,
            37.4409205
          ],
          [
            -8.7782983,
            37.4406231
          ],
          [
            -8.7781079,
            37.4396329
          ],
          [
            -8.7778482,
            37.4393224
          ],
          [
            -8.7775576,
            37.4391618
          ],
          [
            -8.7773708,
            37.4389284
          ],
          [
            -8.7773305,
            37.438577
          ],
          [
            -8.7772474,
            37.4383938
          ],
          [
            -8.7772642,
            37.4382115
          ],
          [
            -8.7773332,
            37.4377762
          ],
          [
            -8.7772996,
            37.4373394
          ],
          [
            -8.7770475,
            37.4370945
          ],
          [
            -8.7763596,
            37.4369542
          ],
          [
            -8.7756109,
            37.4370019
          ]
        ],
        "type": "LineString"
      },
      "properties": {
        "highway": "unclassified",
        "label": "Road",
        "layer": "road",
        "osm_id": 157155814,
        "osm_type": "way",
        "surface": "sand",
        "width": "5"
      },
      "type": "Feature"
    },
    {
      "geometry": {
        "coordinates": [
          [
            -8.7820611,
            37.4485259
          ],
          [
            -8.7821149,
            37.4484895
          ],
          [
            -8.7821071,
            37.4484464
          ],
          [
            -8.782065,
            37.4483101
          ],
          [
            -8.7820861,
            37.4481263
          ],
          [
            -8.782127,
            37.4480041
          ],
          [
            -8.7822987,
            37.4476946
          ],
          [
            -8.7825202,
            37.4474308
          ],
          [
            -8.7826,
            37.4474255
          ],
          [
            -8.7836567,
            37.4479724
          ],
          [
            -8.7849009,
            37.4486315
          ],
          [
            -8.7839044,
            37.4498557
          ],
          [
            -8.7825999,
            37.4514527
          ],
          [
            -8.7812144,
            37.4531663
          ]
        ],
        "type": "LineString"
      },
      "properties": {
        "highway": "track",
        "label": "Track",
        "layer": "track",
        "osm_id": 158085478,
        "osm_type": "way"
      },
      "type": "Feature"
    },
    {
      "geometry": {
        "coordinates": [
          [
            -8.7816468,
            37.4484249
          ],
          [
            -8.7798384,
            37.4500168
          ],
          [
            -8.7776578,
            37.4511006
          ]
        ],
        "type": "LineString"
      },
      "properties": {
        "highway": "track",
        "label": "Track",
        "layer": "track",
        "osm_id": 158085486,
        "osm_type": "way"
      },
      "type": "Feature"
    },
    {
      "geometry": {
        "coordinates": [
          [
            -8.7893935,
            37.4526847
          ],
          [
            -8.7899014,
            37.4521136
          ],
          [
            -8.7894034,
            37.4518329
          ]
        ],
        "type": "LineString"
      },
      "properties": {
        "highway": "track",
        "label": "Track",
        "layer": "track",
        "osm_id": 158085487,
        "osm_type": "way"
      },
      "type": "Feature"
    },
    {
      "geometry": {
        "coordinates": [
          [
            -8.7823892,
            37.4397057
          ],
          [
            -8.7828827,
            37.4393139
          ],
          [
            -8.783049,
            37.4390455
          ],
          [
            -8.7830115,
            37.4387431
          ],
          [
            -8.7830812,
            37.4384748
          ],
          [
            -8.7833065,
            37.4381255
          ],
          [
            -8.7833226,
            37.437789
          ],
          [
            -8.7831778,
            37.4374099
          ],
          [
            -8.7830544,
            37.4370947
          ],
          [
            -8.7826467,
            37.4368349
          ],
          [
            -8.7826092,
            37.4366006
          ],
          [
            -8.7827116,
            37.4364353
          ],
          [
            -8.7831003,
            37.4362332
          ],
          [
            -8.7834519,
            37.4361244
          ]
        ],
        "type": "LineString"
      },
      "properties": {
        "highway": "unclassified",
        "label": "Road",
        "layer": "road",
        "osm_id": 158085492,
        "osm_type": "way",
        "postal_code": "7630-581",
        "surface": "unpaved"
      },
      "type": "Feature"
    },
    {
      "geometry": {
        "coordinates": [
          [
            -8.7899141,
            37.4512493
          ],
          [
            -8.7894034,
            37.4518329
          ],
          [
            -8.788909,
            37.4524487
          ]
        ],
        "type": "LineString"
      },
      "properties": {
        "highway": "track",
        "label": "Track",
        "layer": "track",
        "osm_id": 158085497,
        "osm_type": "way"
      },
      "type": "Feature"
    },
    {
      "geometry": {
        "coordinates": [
          [
            -8.7812215,
            37.4507242
          ],
          [
            -8.7798335,
            37.4524303
          ]
        ],
        "type": "LineString"
      },
      "properties": {
        "highway": "track",
        "label": "Track",
        "layer": "track",
        "osm_id": 158085507,
        "osm_type": "way"
      },
      "type": "Feature"
    },
    {
      "geometry": {
        "coordinates": [
          [
            -8.7849009,
            37.4486315
          ],
          [
            -8.7868508,
            37.4496548
          ],
          [
            -8.7888034,
            37.4506769
          ],
          [
            -8.7899141,
            37.4512493
          ],
          [
            -8.7904204,
            37.4515102
          ],
          [
            -8.7908526,
            37.451733
          ],
          [
            -8.7898763,
            37.4529425
          ],
          [
            -8.7893935,
            37.4526847
          ],
          [
            -8.788909,
            37.4524487
          ],
          [
            -8.7884769,
            37.4522258
          ],
          [
            -8.7878452,
            37.4518582
          ],
          [
            -8.7858791,
            37.4508791
          ],
          [
            -8.7839044,
            37.4498557
          ],
          [
            -8.7824996,
            37.449138
          ],
          [
            -8.78171,
            37.4500734
          ],
          [
            -8.7809606,
            37.4496974
          ],
          [
            -8.7819944,
            37.4485245
          ]
        ],
        "type": "LineString"
      },
      "properties": {
        "highway": "track",
        "label": "Track",
        "layer": "track",
        "osm_id": 158085514,
        "osm_type": "way"
      },
      "type": "Feature"
    },
    {
      "geometry": {
        "coordinates": [
          [
            -8.790582,
            37.4349518
          ],
          [
            -8.7905875,
            37.4349671
          ],
          [
            -8.7905901,
            37.4349932
          ],
          [
            -8.790597,
            37.4350155
          ],
          [
            -8.7906664,
            37.4350559
          ]
        ],
        "type": "LineString"
      },
      "properties": {
        "highway": "unclassified",
        "lanes": "1",
        "layer": "road",
        "name": "Estrada da Praia de Odeceixe",
        "oneway": "yes",
        "osm_id": 163994114,
        "osm_type": "way"
      },
      "type": "Feature"
    },
    {
      "geometry": {
        "coordinates": [
          [
            -8.797866,
            37.4487176
          ],
          [
            -8.7983367,
            37.4486979
          ],
          [
            -8.798521,
            37.4490042
          ],
          [
            -8.7985569,
            37.4492669
          ],
          [
            -8.7982872,
            37.4498991
          ],
          [
            -8.7984622,
            37.4503076
          ],
          [
            -8.7984076,
            37.4505713
          ],
          [
            -8.7985693,
            37.4506909
          ],
          [
            -8.7987909,
            37.4506982
          ],
          [
            -8.7989679,
            37.4507863
          ],
          [
            -8.7990835,
            37.451031
          ],
          [
            -8.7990122,
            37.4512571
          ],
          [
            -8.7989344,
            37.4513806
          ],
          [
            -8.7988138,
            37.4514491
          ],
          [
            -8.7984028,
            37.4516836
          ],
          [
            -8.7987367,
            37.452326
          ],
          [
            -8.7986982,
            37.4528257
          ],
          [
            -8.7989679,
            37.4532743
          ],
          [
            -8.7989083,
            37.453484
          ],
          [
            -8.798875,
            37.4536013
          ],
          [
            -8.7985997,
            37.4539518
          ],
          [
            -8.7986359,
            37.4541618
          ],
          [
            -8.7988551,
            37.4543872
          ],
          [
            -8.7988429,
            37.4545529
          ],
          [
            -8.7987965,
            37.455179
          ],
          [
            -8.7985687,
            37.4552024
          ],
          [
            -8.7973238,
            37.4558337
          ],
          [
            -8.7970797,
            37.4569247
          ],
          [
            -8.7974516,
            37.4580014
          ],
          [
            -8.797976,
            37.4588985
          ],
          [
            -8.7976449,
            37.4597654
          ],
          [
            -8.797574,
            37.4599923
          ],
          [
            -8.7975305,
            37.4602521
          ],
          [
            -8.797611,
            37.4605866
          ],
          [
            -8.7976863,
            37.4607015
          ],
          [
            -8.7980564,
            37.4608834
          ],
          [
            -8.798391,
            37.461123
          ],
          [
            -8.7984026,
            37.4615264
          ],
          [
            -8.7984138,
            37.4616397
          ],
          [
            -8.7983287,
            37.4618582
          ],
          [
            -8.7980376,
            37.462058
          ],
          [
            -8.797529,
            37.4622516
          ],
          [
            -8.7973605,
            37.4622227
          ],
          [
            -8.7971771,
            37.4622571
          ],
          [
            -8.7969981,
            37.4624001
          ],
          [
            -8.7968357,
            37.4626753
          ],
          [
            -8.7967202,
            37.4627717
          ]
        ],
        "type": "LineString"
      },
      "properties": {
        "highway": "path",
        "label": "Path",
        "layer": "path",
        "osm_id": 207910619,
        "osm_type": "way"
      },
      "type": "Feature"
    },
    {
      "geometry": {
        "coordinates": [
          [
            -8.7952689,
            37.440542
          ],
          [
            -8.7952383,
            37.4405554
          ],
          [
            -8.7951404,
            37.440605
          ],
          [
            -8.7950747,
            37.4406252
          ],
          [
            -8.7950149,
            37.4406346
          ],
          [
            -8.7949701,
            37.4406305
          ],
          [
            -8.7949191,
            37.4406129
          ],
          [
            -8.7948177,
            37.4405498
          ],
          [
            -8.7947045,
            37.4404724
          ],
          [
            -8.7946047,
            37.4403888
          ],
          [
            -8.7944859,
            37.4402978
          ],
          [
            -8.7943666,
            37.4402344
          ],
          [
            -8.7940984,
            37.4401305
          ],
          [
            -8.7939924,
            37.4401066
          ],
          [
            -8.7938842,
            37.4400995
          ],
          [
            -8.7938127,
            37.4401034
          ],
          [
            -8.79373,
            37.4401185
          ],
          [
            -8.7936064,
            37.4401694
          ],
          [
            -8.7934553,
            37.4402413
          ],
          [
            -8.7933829,
            37.4402871
          ],
          [
            -8.7933162,
            37.4403121
          ],
          [
            -8.7932421,
            37.4403286
          ],
          [
            -8.7930542,
            37.4403992
          ],
          [
            -8.7928406,
            37.440482
          ],
          [
            -8.7927116,
            37.440548
          ],
          [
            -8.79265,
            37.4405948
          ],
          [
            -8.7926023,
            37.4406342
          ],
          [
            -8.7925574,
            37.4406635
          ],
          [
            -8.7924877,
            37.4406864
          ],
          [
            -8.7924261,
            37.4407122
          ],
          [
            -8.7923489,
            37.4407546
          ],
          [
            -8.7922677,
            37.4408216
          ],
          [
            -8.7921083,
            37.4409241
          ],
          [
            -8.7920069,
            37.4410059
          ],
          [
            -8.7919211,
            37.4411085
          ]
        ],
        "type": "LineString"
      },
      "properties": {
        "highway": "path",
        "label": "Path",
        "layer": "path",
        "osm_id": 207910626,
        "osm_type": "way",
        "surface": "ground"
      },
      "type": "Feature"
    },
    {
      "geometry": {
        "coordinates": [
          [
            -8.796915,
            37.4381638
          ],
          [
            -8.7967993,
            37.4381308
          ],
          [
            -8.7966848,
            37.4381154
          ]
        ],
        "type": "LineString"
      },
      "properties": {
        "highway": "unclassified",
        "label": "Road",
        "layer": "road",
        "osm_id": 229552785,
        "osm_type": "way"
      },
      "type": "Feature"
    },
    {
      "geometry": {
        "coordinates": [
          [
            -8.7735098,
            37.433006
          ],
          [
            -8.7741213,
            37.4326803
          ],
          [
            -8.7741902,
            37.432432
          ],
          [
            -8.7744897,
            37.431663
          ],
          [
            -8.7745838,
            37.4315495
          ],
          [
            -8.7748069,
            37.4314035
          ],
          [
            -8.7750021,
            37.431298
          ],
          [
            -8.7764671,
            37.4308039
          ],
          [
            -8.7767054,
            37.4307785
          ],
          [
            -8.7771137,
            37.4308641
          ],
          [
            -8.7788894,
            37.4313547
          ],
          [
            -8.7794301,
            37.4317162
          ],
          [
            -8.7796323,
            37.431801
          ],
          [
            -8.7808895,
            37.4322389
          ],
          [
            -8.78134,
            37.4323861
          ],
          [
            -8.7817188,
            37.4325326
          ]
        ],
        "type": "LineString"
      },
      "properties": {
        "bicycle": "yes",
        "cycleway": "no",
        "highway": "unclassified",
        "lanes:backward": "1",
        "lanes:forward": "1",
        "layer": "road",
        "name": "Estrada da Praia de Odeceixe",
        "oneway": "no",
        "osm_id": 250741747,
        "osm_type": "way",
        "source": "survey",
        "surface": "asphalt"
      },
      "type": "Feature"
    },
    {
      "geometry": {
        "coordinates": [
          [
            -8.7817188,
            37.4325326
          ],
          [
            -8.7820562,
            37.4326385
          ],
          [
            -8.7827928,
            37.4325447
          ],
          [
            -8.7836902,
            37.4328072
          ],
          [
            -8.7841046,
            37.4329764
          ],
          [
            -8.784513,
            37.4332384
          ],
          [
            -8.7848016,
            37.4334152
          ],
          [
            -8.784969,
            37.4336553
          ],
          [
            -8.7851814,
            37.4341882
          ],
          [
            -8.7852407,
            37.4345342
          ],
          [
            -8.7852739,
            37.4346784
          ],
          [
            -8.7854013,
            37.4347758
          ],
          [
            -8.7855384,
            37.43478
          ],
          [
            -8.7856827,
            37.4347413
          ],
          [
            -8.785806,
            37.4346159
          ],
          [
            -8.7863339,
            37.4338101
          ],
          [
            -8.7865085,
            37.4336103
          ],
          [
            -8.7866832,
            37.4335277
          ],
          [
            -8.7868677,
            37.4334868
          ],
          [
            -8.7870962,
            37.4335102
          ],
          [
            -8.7888094,
            37.4338917
          ],
          [
            -8.7890272,
            37.4339772
          ],
          [
            -8.7891709,
            37.4341467
          ],
          [
            -8.7895244,
            37.4346693
          ],
          [
            -8.789756,
            37.4348662
          ],
          [
            -8.7900195,
            37.4350048
          ],
          [
            -8.7901568,
            37.4350602
          ],
          [
            -8.7903668,
            37.435071
          ]
        ],
        "type": "LineString"
      },
      "properties": {
        "bicycle": "yes",
        "cycleway": "no",
        "highway": "unclassified",
        "lanes:backward": "1",
        "lanes:forward": "1",
        "layer": "road",
        "name": "Estrada da Praia de Odeceixe",
        "oneway": "no",
        "osm_id": 250741748,
        "osm_type": "way",
        "source": "survey",
        "surface": "asphalt"
      },
      "type": "Feature"
    },
    {
      "geometry": {
        "coordinates": [
          [
            -8.797866,
            37.4487176
          ],
          [
            -8.7978761,
            37.4488794
          ],
          [
            -8.7978424,
            37.4489662
          ],
          [
            -8.7977368,
            37.4490628
          ],
          [
            -8.7974712,
            37.4492013
          ],
          [
            -8.7972912,
            37.4493288
          ]
        ],
        "type": "LineString"
      },
      "properties": {
        "highway": "track",
        "label": "Track",
        "layer": "track",
        "osm_id": 250741818,
        "osm_type": "way",
        "surface": "sand",
        "tracktype": "grade5"
      },
      "type": "Feature"
    },
    {
      "geometry": {
        "coordinates": [
          [
            -8.7838648,
            37.4363542
          ],
          [
            -8.783792,
            37.436278
          ],
          [
            -8.7836974,
            37.4362366
          ],
          [
            -8.7834519,
            37.4361244
          ],
          [
            -8.7831938,
            37.4359058
          ],
          [
            -8.7829953,
            37.4356635
          ],
          [
            -8.782746,
            37.435458
          ],
          [
            -8.7824674,
            37.4352864
          ],
          [
            -8.7821124,
            37.4352873
          ],
          [
            -8.7820198,
            37.4353131
          ],
          [
            -8.7804747,
            37.4357438
          ],
          [
            -8.7801347,
            37.4357356
          ],
          [
            -8.7796104,
            37.4356806
          ],
          [
            -8.7789367,
            37.4356958
          ],
          [
            -8.7786689,
            37.435721
          ],
          [
            -8.7784203,
            37.4358083
          ],
          [
            -8.7780708,
            37.4359568
          ],
          [
            -8.7756109,
            37.4370019
          ],
          [
            -8.7751837,
            37.4373518
          ],
          [
            -8.7750681,
            37.4373929
          ],
          [
            -8.7749511,
            37.4373963
          ],
          [
            -8.7746287,
            37.4373431
          ],
          [
            -8.7744337,
            37.437378
          ],
          [
            -8.7743096,
            37.4374741
          ],
          [
            -8.7740899,
            37.437872
          ],
          [
            -8.7739617,
            37.4379541
          ],
          [
            -8.7738226,
            37.4379669
          ],
          [
            -8.7729487,
            37.4377476
          ],
          [
            -8.7727185,
            37.4376761
          ],
          [
            -8.7725585,
            37.4375883
          ],
          [
            -8.7722852,
            37.4371939
          ],
          [
            -8.7721646,
            37.4371213
          ],
          [
            -8.7718656,
            37.4371117
          ],
          [
            -8.7713792,
            37.437143
          ],
          [
            -8.7710633,
            37.4371039
          ],
          [
            -8.7706357,
            37.436886
          ],
          [
            -8.7704131,
            37.4368147
          ],
          [
            -8.7701804,
            37.4367664
          ],
          [
            -8.7697023,
            37.4366965
          ],
          [
            -8.769388,
            37.4366903
          ],
          [
            -8.76826,
            37.4367301
          ],
          [
            -8.7680849,
            37.436705
          ],
          [
            -8.7679507,
            37.4366601
          ],
          [
            -8.7673782,
            37.4363702
          ],
          [
            -8.7672266,
            37.4363195
          ],
          [
            -8.7670821,
            37.4362835
          ],
          [
            -8.7668903,
            37.4362726
          ],
          [
            -8.7666111,
            37.4362772
          ],
          [
            -8.7662836,
            37.436282
          ],
          [
            -8.7661213,
            37.436265
          ],
          [
            -8.7655006,
            37.4361097
          ],
          [
            -8.7649775,
            37.4358731
          ],
          [
            -8.7648529,
            37.4357551
          ],
          [
            -8.7647619,
            37.4356148
          ],
          [
            -8.7646764,
            37.4354157
          ],
          [
            -8.7646054,
            37.4352505
          ]
        ],
        "type": "LineString"
      },
      "properties": {
        "highway": "unclassified",
        "label": "Road",
        "layer": "road",
        "osm_id": 250741845,
        "osm_type": "way",
        "width": "5"
      },
      "type": "Feature"
    },
    {
      "geometry": {
        "coordinates": [
          [
            -8.7871497,
            37.4426216
          ],
          [
            -8.7873617,
            37.4429489
          ],
          [
            -8.7885097,
            37.4442479
          ],
          [
            -8.7885512,
            37.4443
          ],
          [
            -8.7885549,
            37.4446445
          ],
          [
            -8.7885303,
            37.4453137
          ],
          [
            -8.7885697,
            37.4456934
          ],
          [
            -8.7885611,
            37.4461259
          ],
          [
            -8.7885709,
            37.4466366
          ],
          [
            -8.7885833,
            37.4470182
          ],
          [
            -8.7885357,
            37.447142
          ]
        ],
        "type": "LineString"
      },
      "properties": {
        "highway": "track",
        "label": "Track",
        "layer": "track",
        "osm_id": 394448486,
        "osm_type": "way",
        "surface": "ground"
      },
      "type": "Feature"
    },
    {
      "geometry": {
        "coordinates": [
          [
            -8.7955229,
            37.4448422
          ],
          [
            -8.7966945,
            37.4459277
          ],
          [
            -8.7967816,
            37.4460154
          ],
          [
            -8.7971035,
            37.4463604
          ],
          [
            -8.7979081,
            37.4475827
          ],
          [
            -8.7981099,
            37.4476546
          ]
        ],
        "type": "LineString"
      },
      "properties": {
        "highway": "track",
        "label": "Track",
        "layer": "track",
        "osm_id": 394448493,
        "osm_type": "way",
        "surface": "sand",
        "tracktype": "grade4"
      },
      "type": "Feature"
    },
    {
      "geometry": {
        "coordinates": [
          [
            -8.7979081,
            37.4475827
          ],
          [
            -8.7978813,
            37.4478254
          ]
        ],
        "type": "LineString"
      },
      "properties": {
        "highway": "track",
        "label": "Track",
        "layer": "track",
        "osm_id": 394448494,
        "osm_type": "way",
        "surface": "sand",
        "tracktype": "grade5"
      },
      "type": "Feature"
    },
    {
      "geometry": {
        "coordinates": [
          [
            -8.7995939,
            37.4446965
          ],
          [
            -8.7997085,
            37.4447216
          ],
          [
            -8.7997632,
            37.4448188
          ],
          [
            -8.7997675,
            37.4449003
          ],
          [
            -8.7997216,
            37.4450158
          ],
          [
            -8.7996913,
            37.4452335
          ],
          [
            -8.7997162,
            37.4454322
          ],
          [
            -8.7999551,
            37.4458117
          ],
          [
            -8.7999297,
            37.4458743
          ],
          [
            -8.8000296,
            37.4460987
          ],
          [
            -8.8000774,
            37.4462061
          ],
          [
            -8.799678,
            37.4463467
          ],
          [
            -8.7994669,
            37.4463709
          ],
          [
            -8.7991349,
            37.4465543
          ],
          [
            -8.7990162,
            37.4473284
          ],
          [
            -8.7989661,
            37.447801
          ],
          [
            -8.79876,
            37.4478161
          ],
          [
            -8.7984891,
            37.4477437
          ],
          [
            -8.798241,
            37.4477256
          ],
          [
            -8.7981847,
            37.4476702
          ],
          [
            -8.7981099,
            37.4476546
          ],
          [
            -8.7980174,
            37.4476863
          ],
          [
            -8.7978813,
            37.4478254
          ],
          [
            -8.797866,
            37.4487176
          ]
        ],
        "type": "LineString"
      },
      "properties": {
        "highway": "track",
        "label": "Track",
        "layer": "track",
        "osm_id": 394448495,
        "osm_type": "way",
        "surface": "sand",
        "tracktype": "grade5"
      },
      "type": "Feature"
    },
    {
      "geometry": {
        "coordinates": [
          [
            -8.7965978,
            37.4445948
          ],
          [
            -8.7966689,
            37.4448229
          ],
          [
            -8.7966636,
            37.4451253
          ],
          [
            -8.7967709,
            37.4452786
          ],
          [
            -8.796728,
            37.4454404
          ],
          [
            -8.7968192,
            37.445615
          ],
          [
            -8.7967762,
            37.445713
          ],
          [
            -8.7966797,
            37.4458067
          ],
          [
            -8.7966945,
            37.4459277
          ]
        ],
        "type": "LineString"
      },
      "properties": {
        "highway": "track",
        "label": "Track",
        "layer": "track",
        "osm_id": 394448496,
        "osm_type": "way",
        "surface": "sand",
        "tracktype": "grade4"
      },
      "type": "Feature"
    },
    {
      "geometry": {
        "coordinates": [
          [
            -8.7930375,
            37.4424284
          ],
          [
            -8.7929876,
            37.4424452
          ],
          [
            -8.7928163,
            37.4424572
          ],
          [
            -8.7926244,
            37.4424551
          ],
          [
            -8.7924205,
            37.442455
          ],
          [
            -8.7923576,
            37.4424614
          ],
          [
            -8.7923147,
            37.4424753
          ],
          [
            -8.7922832,
            37.442501
          ],
          [
            -8.7923308,
            37.4425807
          ],
          [
            -8.7923951,
            37.4426575
          ],
          [
            -8.7925132,
            37.4427585
          ],
          [
            -8.7926312,
            37.4428384
          ],
          [
            -8.7927648,
            37.4429579
          ],
          [
            -8.793028,
            37.4432266
          ],
          [
            -8.7931663,
            37.4434102
          ],
          [
            -8.7932835,
            37.4435878
          ],
          [
            -8.7935981,
            37.4439191
          ],
          [
            -8.7939586,
            37.444216
          ],
          [
            -8.7941627,
            37.444345
          ],
          [
            -8.7943652,
            37.4444079
          ],
          [
            -8.7948323,
            37.4446104
          ],
          [
            -8.7949714,
            37.4446485
          ],
          [
            -8.7951525,
            37.4447274
          ],
          [
            -8.7953013,
            37.4447816
          ],
          [
            -8.7955229,
            37.4448422
          ]
        ],
        "type": "LineString"
      },
      "properties": {
        "highway": "track",
        "label": "Track",
        "layer": "track",
        "osm_id": 394448497,
        "osm_type": "way",
        "surface": "sand",
        "tracktype": "grade5"
      },
      "type": "Feature"
    },
    {
      "geometry": {
        "coordinates": [
          [
            -8.7972912,
            37.4493288
          ],
          [
            -8.7972973,
            37.4496667
          ],
          [
            -8.7972805,
            37.4500017
          ],
          [
            -8.797259,
            37.4507086
          ],
          [
            -8.797071,
            37.4511367
          ],
          [
            -8.7969747,
            37.4513559
          ],
          [
            -8.7972215,
            37.4518414
          ],
          [
            -8.7974146,
            37.4520458
          ],
          [
            -8.7975326,
            37.4524461
          ],
          [
            -8.79742,
            37.4526931
          ],
          [
            -8.7970606,
            37.4529955
          ],
          [
            -8.7968889,
            37.4532723
          ],
          [
            -8.7968996,
            37.453647
          ],
          [
            -8.7971035,
            37.4539622
          ],
          [
            -8.7975541,
            37.4542305
          ],
          [
            -8.797833,
            37.4544178
          ],
          [
            -8.7981495,
            37.4544774
          ],
          [
            -8.7983695,
            37.4545541
          ],
          [
            -8.7984553,
            37.4547287
          ],
          [
            -8.7984982,
            37.4549757
          ],
          [
            -8.798568,
            37.4550992
          ],
          [
            -8.7985687,
            37.4552024
          ]
        ],
        "type": "LineString"
      },
      "properties": {
        "highway": "track",
        "label": "Track",
        "layer": "track",
        "osm_id": 394448499,
        "osm_type": "way",
        "surface": "sand",
        "tracktype": "grade5"
      },
      "type": "Feature"
    },
    {
      "geometry": {
        "coordinates": [
          [
            -8.7980522,
            37.4407484
          ],
          [
            -8.7979561,
            37.4407465
          ],
          [
            -8.7978461,
            37.4407401
          ],
          [
            -8.7977603,
            37.4407231
          ],
          [
            -8.7976771,
            37.4406975
          ],
          [
            -8.7975913,
            37.4406491
          ],
          [
            -8.7975349,
            37.4405948
          ],
          [
            -8.7974556,
            37.4405468
          ],
          [
            -8.7973042,
            37.44055
          ]
        ],
        "type": "LineString"
      },
      "properties": {
        "highway": "pedestrian",
        "label": "Path",
        "layer": "path",
        "lit": "yes",
        "osm_id": 400834974,
        "osm_type": "way",
        "postal_code": "8670-325",
        "surface": "paving_stones"
      },
      "type": "Feature"
    },
    {
      "geometry": {
        "coordinates": [
          [
            -8.7974556,
            37.4405468
          ],
          [
            -8.7974613,
            37.4408118
          ],
          [
            -8.7974675,
            37.4409594
          ],
          [
            -8.7974664,
            37.4410206
          ],
          [
            -8.7974349,
            37.4410888
          ],
          [
            -8.7974303,
            37.4410997
          ],
          [
            -8.79734,
            37.4410767
          ],
          [
            -8.7973372,
            37.4409715
          ],
          [
            -8.7973105,
            37.4409635
          ]
        ],
        "type": "LineString"
      },
      "properties": {
        "bicycle": "no",
        "highway": "steps",
        "horse": "yes",
        "layer": "path",
        "lit": "yes",
        "name": "Rua Azinhaga do Pescador",
        "osm_id": 400835722,
        "osm_type": "way",
        "postal_code": "8670-325",
        "surface": "paved"
      },
      "type": "Feature"
    },
    {
      "geometry": {
        "coordinates": [
          [
            -8.7978028,
            37.4410385
          ],
          [
            -8.7974675,
            37.4409594
          ]
        ],
        "type": "LineString"
      },
      "properties": {
        "highway": "residential",
        "layer": "road",
        "lit": "yes",
        "name": "Rua do Recanto",
        "oneway": "yes",
        "osm_id": 400836689,
        "osm_type": "way",
        "postal_code": "8670-325",
        "sidewalk": "no",
        "surface": "paving_stones"
      },
      "type": "Feature"
    },
    {
      "geometry": {
        "coordinates": [
          [
            -8.7970544,
            37.4407035
          ],
          [
            -8.7969955,
            37.4406736
          ],
          [
            -8.7969216,
            37.4406456
          ],
          [
            -8.7968655,
            37.4406159
          ],
          [
            -8.796815,
            37.4405639
          ],
          [
            -8.7967794,
            37.4405283
          ],
          [
            -8.7967476,
            37.440506
          ],
          [
            -8.7967233,
            37.4404718
          ],
          [
            -8.7966953,
            37.4405
          ]
        ],
        "type": "LineString"
      },
      "properties": {
        "highway": "pedestrian",
        "label": "Path",
        "layer": "path",
        "lit": "yes",
        "osm_id": 400836843,
        "osm_type": "way",
        "surface": "paving_stones"
      },
      "type": "Feature"
    },
    {
      "geometry": {
        "coordinates": [
          [
            -8.7973042,
            37.44055
          ],
          [
            -8.7972314,
            37.440552
          ],
          [
            -8.7970953,
            37.440518
          ]
        ],
        "type": "LineString"
      },
      "properties": {
        "highway": "pedestrian",
        "layer": "path",
        "lit": "yes",
        "name": "Beco do Posto",
        "osm_id": 400837323,
        "osm_type": "way",
        "postal_code": "8670-325",
        "surface": "paving_stones"
      },
      "type": "Feature"
    },
    {
      "geometry": {
        "coordinates": [
          [
            -8.7978273,
            37.4409369
          ],
          [
            -8.7975967,
            37.4408721
          ]
        ],
        "type": "LineString"
      },
      "properties": {
        "highway": "residential",
        "label": "Road",
        "layer": "road",
        "osm_id": 400837816,
        "osm_type": "way",
        "surface": "paving_stones"
      },
      "type": "Feature"
    },
    {
      "geometry": {
        "coordinates": [
          [
            -8.7849963,
            37.4452686
          ],
          [
            -8.7850721,
            37.445128
          ],
          [
            -8.7851634,
            37.4450589
          ],
          [
            -8.7859034,
            37.4437881
          ],
          [
            -8.7859083,
            37.4436592
          ],
          [
            -8.7858861,
            37.4435196
          ],
          [
            -8.7858576,
            37.4432074
          ]
        ],
        "type": "LineString"
      },
      "properties": {
        "description": "Very deep sand. Bicycles have to be pushed.",
        "highway": "track",
        "label": "Track",
        "layer": "track",
        "osm_id": 461388834,
        "osm_type": "way",
        "smoothness": "very_horrible",
        "surface": "sand"
      },
      "type": "Feature"
    },
    {
      "geometry": {
        "coordinates": [
          [
            -8.7888164,
            37.4407554
          ],
          [
            -8.7890089,
            37.4406938
          ],
          [
            -8.7891187,
            37.4407196
          ],
          [
            -8.7892244,
            37.4408326
          ],
          [
            -8.7896432,
            37.4410392
          ],
          [
            -8.790257,
            37.4413491
          ],
          [
            -8.7907396,
            37.4416212
          ],
          [
            -8.7914678,
            37.4420355
          ],
          [
            -8.7920541,
            37.442361
          ],
          [
            -8.792194,
            37.4424327
          ],
          [
            -8.7922832,
            37.442501
          ]
        ],
        "type": "LineString"
      },
      "properties": {
        "highway": "track",
        "label": "Track",
        "layer": "track",
        "osm_id": 461388835,
        "osm_type": "way",
        "surface": "sand",
        "tracktype": "grade4"
      },
      "type": "Feature"
    },
    {
      "geometry": {
        "coordinates": [
          [
            -8.7858576,
            37.4432074
          ],
          [
            -8.7838538,
            37.4442348
          ],
          [
            -8.7835931,
            37.4444023
          ],
          [
            -8.7839865,
            37.4445376
          ],
          [
            -8.784877,
            37.4450811
          ],
          [
            -8.7849963,
            37.4452686
          ],
          [
            -8.7850675,
            37.4453491
          ]
        ],
        "type": "LineString"
      },
      "properties": {
        "highway": "track",
        "label": "Track",
        "layer": "track",
        "osm_id": 495411102,
        "osm_type": "way",
        "surface": "unpaved",
        "tracktype": "grade2",
        "width": "3"
      },
      "type": "Feature"
    },
    {
      "geometry": {
        "coordinates": [
          [
            -8.7884028,
            37.4412687
          ],
          [
            -8.7871497,
            37.4426216
          ],
          [
            -8.7866516,
            37.4427992
          ],
          [
            -8.7858576,
            37.4432074
          ]
        ],
        "type": "LineString"
      },
      "properties": {
        "highway": "track",
        "label": "Track",
        "layer": "track",
        "osm_id": 495411103,
        "osm_type": "way",
        "surface": "sand",
        "width": "3"
      },
      "type": "Feature"
    },
    {
      "geometry": {
        "coordinates": [
          [
            -8.7891299,
            37.4403892
          ],
          [
            -8.7888164,
            37.4407554
          ],
          [
            -8.7887855,
            37.4407914
          ],
          [
            -8.7886525,
            37.4411098
          ],
          [
            -8.7884028,
            37.4412687
          ]
        ],
        "type": "LineString"
      },
      "properties": {
        "highway": "track",
        "label": "Track",
        "layer": "track",
        "osm_id": 495411105,
        "osm_type": "way",
        "surface": "unpaved",
        "tracktype": "grade2",
        "width": "3"
      },
      "type": "Feature"
    },
    {
      "geometry": {
        "coordinates": [
          [
            -8.7918225,
            37.4373259
          ],
          [
            -8.7914228,
            37.4371863
          ],
          [
            -8.7911841,
            37.4371458
          ],
          [
            -8.7910035,
            37.4371795
          ],
          [
            -8.790537,
            37.4375871
          ],
          [
            -8.790468,
            37.4377336
          ],
          [
            -8.7903291,
            37.4381905
          ],
          [
            -8.7902011,
            37.4383832
          ],
          [
            -8.7901099,
            37.4384971
          ],
          [
            -8.7900755,
            37.4385586
          ],
          [
            -8.7900053,
            37.4385812
          ],
          [
            -8.7899597,
            37.4386004
          ],
          [
            -8.7898867,
            37.4386021
          ],
          [
            -8.7898041,
            37.4385994
          ],
          [
            -8.7896912,
            37.4385734
          ],
          [
            -8.7893906,
            37.4384881
          ],
          [
            -8.7889767,
            37.4383693
          ],
          [
            -8.7885676,
            37.4382352
          ],
          [
            -8.7880097,
            37.437969
          ],
          [
            -8.7876952,
            37.4378197
          ],
          [
            -8.7876087,
            37.4377453
          ],
          [
            -8.7875189,
            37.4376218
          ],
          [
            -8.7873888,
            37.437362
          ],
          [
            -8.7872614,
            37.4370532
          ],
          [
            -8.787201,
            37.4368775
          ],
          [
            -8.7870173,
            37.4364121
          ],
          [
            -8.7869023,
            37.4361018
          ],
          [
            -8.7868604,
            37.4360416
          ],
          [
            -8.7867746,
            37.4360107
          ],
          [
            -8.7866713,
            37.4360224
          ],
          [
            -8.7865267,
            37.4360638
          ],
          [
            -8.7862583,
            37.4362726
          ],
          [
            -8.7860973,
            37.4363216
          ],
          [
            -8.7858805,
            37.4363536
          ],
          [
            -8.7857151,
            37.4364164
          ],
          [
            -8.7855046,
            37.4365303
          ],
          [
            -8.7853208,
            37.4365775
          ],
          [
            -8.7850982,
            37.4366112
          ],
          [
            -8.7849587,
            37.4366017
          ],
          [
            -8.784602,
            37.4364643
          ],
          [
            -8.7844719,
            37.4364366
          ],
          [
            -8.7843043,
            37.4364249
          ],
          [
            -8.7841119,
            37.4364399
          ],
          [
            -8.7840015,
            37.4364281
          ],
          [
            -8.7839274,
            37.4364025
          ],
          [
            -8.7838648,
            37.4363542
          ]
        ],
        "type": "LineString"
      },
      "properties": {
        "highway": "unclassified",
        "label": "Road",
        "layer": "road",
        "osm_id": 495411107,
        "osm_type": "way",
        "width": "5"
      },
      "type": "Feature"
    },
    {
      "geometry": {
        "coordinates": [
          [
            -8.7976714,
            37.4382376
          ],
          [
            -8.7975826,
            37.4382968
          ],
          [
            -8.7973294,
            37.4383947
          ],
          [
            -8.7972556,
            37.4384028
          ]
        ],
        "type": "LineString"
      },
      "properties": {
        "bicycle": "yes",
        "cycleway": "no",
        "highway": "unclassified",
        "label": "Road",
        "layer": "road",
        "osm_id": 495411109,
        "osm_type": "way",
        "source": "survey"
      },
      "type": "Feature"
    },
    {
      "geometry": {
        "coordinates": [
          [
            -8.7972334,
            37.4382342
          ],
          [
            -8.796915,
            37.4381638
          ]
        ],
        "type": "LineString"
      },
      "properties": {
        "highway": "unclassified",
        "junction": "roundabout",
        "label": "Road",
        "layer": "road",
        "osm_id": 495411110,
        "osm_type": "way"
      },
      "type": "Feature"
    },
    {
      "geometry": {
        "coordinates": [
          [
            -8.796106,
            37.4369611
          ],
          [
            -8.7962047,
            37.4369986
          ],
          [
            -8.7963217,
            37.4371819
          ],
          [
            -8.796397,
            37.4373689
          ]
        ],
        "type": "LineString"
      },
      "properties": {
        "highway": "track",
        "label": "Track",
        "layer": "track",
        "osm_id": 504568104,
        "osm_type": "way"
      },
      "type": "Feature"
    },
    {
      "geometry": {
        "coordinates": [
          [
            -8.7966056,
            37.4374787
          ],
          [
            -8.796397,
            37.4373689
          ]
        ],
        "type": "LineString"
      },
      "properties": {
        "highway": "path",
        "label": "Path",
        "layer": "path",
        "osm_id": 504568105,
        "osm_type": "way"
      },
      "type": "Feature"
    },
    {
      "geometry": {
        "coordinates": [
          [
            [
              -8.7964483,
              37.4373995
            ],
            [
              -8.7962031,
              37.4373613
            ],
            [
              -8.7961502,
              37.4372468
            ],
            [
              -8.7961983,
              37.4370966
            ],
            [
              -8.7961582,
              37.4370482
            ],
            [
              -8.7960831,
              37.4370371
            ],
            [
              -8.7960951,
              37.4370005
            ],
            [
              -8.796106,
              37.4369611
            ],
            [
              -8.7961073,
              37.4369126
            ],
            [
              -8.7962175,
              37.436907
            ],
            [
              -8.7963665,
              37.4370928
            ],
            [
              -8.796498,
              37.4371271
            ],
            [
              -8.7965124,
              37.4372989
            ],
            [
              -8.7964931,
              37.4373842
            ],
            [
              -8.7964483,
              37.4373995
            ]
          ]
        ],
        "type": "Polygon"
      },
      "properties": {
        "amenity": "parking",
        "label": "Parking",
        "layer": "parking",
        "osm_id": 504568106,
        "osm_type": "way"
      },
      "type": "Feature"
    },
    {
      "geometry": {
        "coordinates": [
          [
            [
              -8.7987835,
              37.4404958
            ],
            [
              -8.7987479,
              37.4404421
            ],
            [
              -8.7989994,
              37.4402687
            ],
            [
              -8.7990974,
              37.4401252
            ],
            [
              -8.7991599,
              37.4399706
            ],
            [
              -8.7991531,
              37.4398553
            ],
            [
              -8.7991176,
              37.4396978
            ],
            [
              -8.7990766,
              37.4395697
            ],
            [
              -8.7990252,
              37.4394475
            ],
            [
              -8.7990866,
              37.4394347
            ],
            [
              -8.7991362,
              37.4395737
            ],
            [
              -8.7991805,
              37.4397574
            ],
            [
              -8.7992013,
              37.4398729
            ],
            [
              -8.7991986,
              37.4399788
            ],
            [
              -8.7991503,
              37.4401386
            ],
            [
              -8.7990517,
              37.4402807
            ],
            [
              -8.7989022,
              37.4404197
            ],
            [
              -8.7987835,
              37.4404958
            ]
          ]
        ],
        "type": "Polygon"
      },
      "properties": {
        "access": "yes",
        "amenity": "parking",
        "fee": "no",
        "label": "Parking",
        "layer": "parking",
        "osm_id": 504568109,
        "osm_type": "way",
        "parking": "lane"
      },
      "type": "Feature"
    },
    {
      "geometry": {
        "coordinates": [
          [
            -8.7971862,
            37.4392004
          ],
          [
            -8.7970661,
            37.4393102
          ],
          [
            -8.797077,
            37.4394542
          ]
        ],
        "type": "LineString"
      },
      "properties": {
        "highway": "path",
        "label": "Path",
        "layer": "path",
        "osm_id": 507977341,
        "osm_type": "way"
      },
      "type": "Feature"
    },
    {
      "geometry": {
        "coordinates": [
          [
            -8.7801347,
            37.4357356
          ],
          [
            -8.7801321,
            37.4358435
          ]
        ],
        "type": "LineString"
      },
      "properties": {
        "highway": "unclassified",
        "label": "Road",
        "layer": "road",
        "osm_id": 511011719,
        "osm_type": "way"
      },
      "type": "Feature"
    },
    {
      "geometry": {
        "coordinates": [
          [
            -8.8043402,
            37.4347561
          ],
          [
            -8.8043591,
            37.4347219
          ],
          [
            -8.8044278,
            37.4346714
          ],
          [
            -8.8045575,
            37.4345119
          ],
          [
            -8.8046643,
            37.4344311
          ],
          [
            -8.8048092,
            37.4344029
          ],
          [
            -8.804855,
            37.4343867
          ],
          [
            -8.8049211,
            37.4343302
          ],
          [
            -8.8050152,
            37.4341525
          ],
          [
            -8.805033,
            37.4340394
          ],
          [
            -8.8050609,
            37.4339264
          ],
          [
            -8.8050609,
            37.433777
          ],
          [
            -8.8050483,
            37.433393
          ]
        ],
        "type": "LineString"
      },
      "properties": {
        "highway": "path",
        "label": "Path",
        "layer": "path",
        "osm_id": 641830978,
        "osm_type": "way",
        "surface": "sand"
      },
      "type": "Feature"
    },
    {
      "geometry": {
        "coordinates": [
          [
            -8.8034121,
            37.4355614
          ],
          [
            -8.80337,
            37.435578
          ],
          [
            -8.8032327,
            37.435578
          ],
          [
            -8.8030954,
            37.4355497
          ],
          [
            -8.8029149,
            37.4355214
          ],
          [
            -8.8027369,
            37.4354709
          ],
          [
            -8.8026937,
            37.435481
          ],
          [
            -8.8026555,
            37.4355053
          ],
          [
            -8.8026097,
            37.4355133
          ],
          [
            -8.8025106,
            37.4355073
          ],
          [
            -8.8024699,
            37.4354932
          ],
          [
            -8.802358,
            37.4354286
          ],
          [
            -8.802269,
            37.4354084
          ],
          [
            -8.801941,
            37.4354063
          ],
          [
            -8.8018223,
            37.4354218
          ]
        ],
        "type": "LineString"
      },
      "properties": {
        "highway": "track",
        "label": "Track",
        "layer": "track",
        "osm_id": 641830979,
        "osm_type": "way"
      },
      "type": "Feature"
    },
    {
      "geometry": {
        "coordinates": [
          [
            -8.8014067,
            37.4372354
          ],
          [
            -8.8014066,
            37.437168
          ],
          [
            -8.8013736,
            37.4370672
          ]
        ],
        "type": "LineString"
      },
      "properties": {
        "highway": "path",
        "label": "Path",
        "layer": "path",
        "osm_id": 641830980,
        "osm_type": "way"
      },
      "type": "Feature"
    },
    {
      "geometry": {
        "coordinates": [
          [
            -8.8014782,
            37.4376394
          ],
          [
            -8.8015189,
            37.4375727
          ],
          [
            -8.8015238,
            37.4374953
          ]
        ],
        "type": "LineString"
      },
      "properties": {
        "highway": "path",
        "label": "Path",
        "layer": "path",
        "osm_id": 641830981,
        "osm_type": "way"
      },
      "type": "Feature"
    },
    {
      "geometry": {
        "coordinates": [
          [
            -8.8010692,
            37.4378117
          ],
          [
            -8.8011772,
            37.4378081
          ],
          [
            -8.8012088,
            37.4377656
          ],
          [
            -8.8013765,
            37.4376858
          ],
          [
            -8.8014782,
            37.4376394
          ]
        ],
        "type": "LineString"
      },
      "properties": {
        "highway": "path",
        "label": "Path",
        "layer": "path",
        "osm_id": 641830982,
        "osm_type": "way"
      },
      "type": "Feature"
    },
    {
      "geometry": {
        "coordinates": [
          [
            -8.8013572,
            37.4383102
          ],
          [
            -8.8013562,
            37.438245
          ],
          [
            -8.8013636,
            37.4381601
          ],
          [
            -8.8014114,
            37.4380241
          ],
          [
            -8.8014008,
            37.4379588
          ],
          [
            -8.8014299,
            37.4378675
          ],
          [
            -8.8014477,
            37.4377544
          ],
          [
            -8.8014655,
            37.4377181
          ],
          [
            -8.8014782,
            37.4376394
          ],
          [
            -8.8016847,
            37.437606
          ]
        ],
        "type": "LineString"
      },
      "properties": {
        "highway": "path",
        "label": "Path",
        "layer": "path",
        "osm_id": 641830983,
        "osm_type": "way"
      },
      "type": "Feature"
    },
    {
      "geometry": {
        "coordinates": [
          [
            -8.7884798,
            37.4365834
          ],
          [
            -8.788551,
            37.4364461
          ],
          [
            -8.7885713,
            37.4363735
          ],
          [
            -8.7885764,
            37.4362967
          ],
          [
            -8.7885103,
            37.4361554
          ],
          [
            -8.7884696,
            37.4360868
          ],
          [
            -8.7884442,
            37.4360181
          ],
          [
            -8.788434,
            37.4358647
          ],
          [
            -8.7884645,
            37.435792
          ],
          [
            -8.7885306,
            37.4357395
          ],
          [
            -8.7886069,
            37.4356951
          ],
          [
            -8.7887849,
            37.4356305
          ],
          [
            -8.7889874,
            37.4355634
          ]
        ],
        "type": "LineString"
      },
      "properties": {
        "highway": "path",
        "label": "Path",
        "layer": "path",
        "osm_id": 641830984,
        "osm_type": "way"
      },
      "type": "Feature"
    },
    {
      "geometry": {
        "coordinates": [
          [
            -8.7918225,
            37.4373259
          ],
          [
            -8.7908801,
            37.4365067
          ],
          [
            -8.7906309,
            37.4362806
          ],
          [
            -8.7904885,
            37.4361837
          ],
          [
            -8.7904072,
            37.4361514
          ],
          [
            -8.7902241,
            37.4360989
          ],
          [
            -8.7900461,
            37.4360625
          ],
          [
            -8.7898732,
            37.43601
          ],
          [
            -8.7896952,
            37.4359656
          ],
          [
            -8.7894562,
            37.4358647
          ],
          [
            -8.7893646,
            37.4358445
          ],
          [
            -8.7892833,
            37.4358041
          ],
          [
            -8.7892172,
            37.4357556
          ],
          [
            -8.7891612,
            37.4356951
          ],
          [
            -8.7890951,
            37.4356426
          ],
          [
            -8.7890138,
            37.4356022
          ],
          [
            -8.7889874,
            37.4355634
          ],
          [
            -8.7889273,
            37.4355053
          ],
          [
            -8.7888714,
            37.4353599
          ],
          [
            -8.7888205,
            37.4352953
          ],
          [
            -8.7887493,
            37.4352468
          ],
          [
            -8.7885917,
            37.4351701
          ],
          [
            -8.7885255,
            37.4351217
          ],
          [
            -8.7884493,
            37.4350894
          ],
          [
            -8.7883577,
            37.4350692
          ],
          [
            -8.7881696,
            37.435053
          ],
          [
            -8.7878797,
            37.435049
          ],
          [
            -8.7877882,
            37.435057
          ]
        ],
        "type": "LineString"
      },
      "properties": {
        "highway": "path",
        "label": "Path",
        "layer": "path",
        "osm_id": 641830985,
        "osm_type": "way"
      },
      "type": "Feature"
    },
    {
      "geometry": {
        "coordinates": [
          [
            -8.7997415,
            37.4462054
          ],
          [
            -8.799828,
            37.4461811
          ],
          [
            -8.7999526,
            37.4461226
          ],
          [
            -8.8000296,
            37.4460987
          ]
        ],
        "type": "LineString"
      },
      "properties": {
        "highway": "path",
        "label": "Path",
        "layer": "path",
        "osm_id": 641830986,
        "osm_type": "way"
      },
      "type": "Feature"
    },
    {
      "geometry": {
        "coordinates": [
          [
            -8.799678,
            37.4463467
          ],
          [
            -8.7997415,
            37.4462054
          ],
          [
            -8.7997415,
            37.4461286
          ],
          [
            -8.7997568,
            37.446056
          ],
          [
            -8.7997771,
            37.4460176
          ],
          [
            -8.7998432,
            37.4459631
          ],
          [
            -8.7999297,
            37.4458743
          ]
        ],
        "type": "LineString"
      },
      "properties": {
        "highway": "path",
        "label": "Path",
        "layer": "path",
        "osm_id": 641830987,
        "osm_type": "way"
      },
      "type": "Feature"
    },
    {
      "geometry": {
        "coordinates": [
          [
            -8.7997085,
            37.4447216
          ],
          [
            -8.7997394,
            37.4446699
          ],
          [
            -8.7997982,
            37.4446338
          ],
          [
            -8.799805,
            37.4445838
          ]
        ],
        "type": "LineString"
      },
      "properties": {
        "highway": "path",
        "label": "Path",
        "layer": "path",
        "osm_id": 641830988,
        "osm_type": "way"
      },
      "type": "Feature"
    },
    {
      "geometry": {
        "coordinates": [
          [
            -8.7995696,
            37.4451988
          ],
          [
            -8.7995259,
            37.4451769
          ],
          [
            -8.7994961,
            37.4451458
          ],
          [
            -8.7995109,
            37.4450224
          ],
          [
            -8.7995419,
            37.4449179
          ],
          [
            -8.7995387,
            37.4448429
          ],
          [
            -8.7994842,
            37.444788
          ],
          [
            -8.7993796,
            37.4447283
          ],
          [
            -8.7992978,
            37.4446804
          ]
        ],
        "type": "LineString"
      },
      "properties": {
        "highway": "path",
        "label": "Path",
        "layer": "path",
        "osm_id": 641830989,
        "osm_type": "way",
        "surface": "ground"
      },
      "type": "Feature"
    },
    {
      "geometry": {
        "coordinates": [
          [
            -8.795072,
            37.442306
          ],
          [
            -8.7951183,
            37.4423225
          ],
          [
            -8.7951235,
            37.4423969
          ],
          [
            -8.795246,
            37.4429349
          ],
          [
            -8.7954596,
            37.4432923
          ],
          [
            -8.7958079,
            37.4436112
          ],
          [
            -8.7962936,
            37.4438575
          ],
          [
            -8.7965217,
            37.4439958
          ],
          [
            -8.7967354,
            37.444099
          ],
          [
            -8.7970568,
            37.4442034
          ],
          [
            -8.7971762,
            37.4442859
          ],
          [
            -8.7974564,
            37.444341
          ],
          [
            -8.7976811,
            37.4444052
          ],
          [
            -8.7980023,
            37.4444087
          ],
          [
            -8.7984091,
            37.4443885
          ],
          [
            -8.7986939,
            37.444336
          ],
          [
            -8.799027,
            37.4442673
          ],
          [
            -8.7998992,
            37.4442916
          ],
          [
            -8.8002043,
            37.4442027
          ]
        ],
        "type": "LineString"
      },
      "properties": {
        "highway": "footway",
        "label": "Path",
        "layer": "path",
        "osm_id": 641830990,
        "osm_type": "way"
      },
      "type": "Feature"
    },
    {
      "geometry": {
        "coordinates": [
          [
            -8.7965978,
            37.4445948
          ],
          [
            -8.7965504,
            37.4445096
          ],
          [
            -8.7964792,
            37.4444692
          ],
          [
            -8.7963012,
            37.4444208
          ],
          [
            -8.7962351,
            37.4443965
          ]
        ],
        "type": "LineString"
      },
      "properties": {
        "highway": "path",
        "label": "Path",
        "layer": "path",
        "osm_id": 641830991,
        "osm_type": "way"
      },
      "type": "Feature"
    },
    {
      "geometry": {
        "coordinates": [
          [
            -8.7948323,
            37.4446104
          ],
          [
            -8.7948773,
            37.4445661
          ],
          [
            -8.7949637,
            37.4445338
          ],
          [
            -8.7950349,
            37.4444813
          ],
          [
            -8.7951061,
            37.4444329
          ],
          [
            -8.7951621,
            37.4443723
          ],
          [
            -8.795218,
            37.4443077
          ],
          [
            -8.7952689,
            37.4442472
          ],
          [
            -8.7953502,
            37.4442108
          ],
          [
            -8.7954418,
            37.4441866
          ]
        ],
        "type": "LineString"
      },
      "properties": {
        "highway": "path",
        "label": "Path",
        "layer": "path",
        "osm_id": 641830992,
        "osm_type": "way"
      },
      "type": "Feature"
    },
    {
      "geometry": {
        "coordinates": [
          [
            -8.7983367,
            37.4486979
          ],
          [
            -8.7985134,
            37.4485188
          ],
          [
            -8.7986049,
            37.4484946
          ],
          [
            -8.7988236,
            37.4483573
          ],
          [
            -8.7989355,
            37.4482281
          ],
          [
            -8.7989711,
            37.4481635
          ],
          [
            -8.7989813,
            37.4480908
          ],
          [
            -8.7990321,
            37.4480262
          ],
          [
            -8.7990626,
            37.4479536
          ],
          [
            -8.7990474,
            37.4478809
          ],
          [
            -8.7990363,
            37.4478193
          ],
          [
            -8.7989661,
            37.447801
          ]
        ],
        "type": "LineString"
      },
      "properties": {
        "highway": "path",
        "label": "Path",
        "layer": "path",
        "osm_id": 641830993,
        "osm_type": "way"
      },
      "type": "Feature"
    },
    {
      "geometry": {
        "coordinates": [
          [
            -8.7985693,
            37.4506909
          ],
          [
            -8.7984692,
            37.4506873
          ],
          [
            -8.7983653,
            37.4506792
          ],
          [
            -8.7982112,
            37.4506244
          ],
          [
            -8.7980761,
            37.4505253
          ],
          [
            -8.7979642,
            37.4504123
          ],
          [
            -8.7978421,
            37.4503033
          ],
          [
            -8.7977048,
            37.4502145
          ],
          [
            -8.7976438,
            37.450162
          ],
          [
            -8.7975929,
            37.4501014
          ],
          [
            -8.7974607,
            37.4499803
          ],
          [
            -8.7972973,
            37.4496667
          ]
        ],
        "type": "LineString"
      },
      "properties": {
        "highway": "track",
        "label": "Track",
        "layer": "track",
        "osm_id": 641830994,
        "osm_type": "way",
        "surface": "sand",
        "tracktype": "grade5"
      },
      "type": "Feature"
    },
    {
      "geometry": {
        "coordinates": [
          [
            -8.7951773,
            37.4505132
          ],
          [
            -8.795274,
            37.4505294
          ],
          [
            -8.7952769,
            37.450528
          ],
          [
            -8.7954469,
            37.4504486
          ],
          [
            -8.7955079,
            37.4503921
          ],
          [
            -8.7955384,
            37.4503235
          ],
          [
            -8.7956096,
            37.4502052
          ],
          [
            -8.7956401,
            37.4501337
          ],
          [
            -8.7957011,
            37.4500691
          ],
          [
            -8.7957723,
            37.4500166
          ],
          [
            -8.7958537,
            37.4499803
          ],
          [
            -8.7960368,
            37.4499238
          ],
          [
            -8.7961995,
            37.449835
          ],
          [
            -8.796286,
            37.4497946
          ],
          [
            -8.7964589,
            37.449726
          ],
          [
            -8.7966114,
            37.449621
          ],
          [
            -8.7966979,
            37.4495766
          ],
          [
            -8.7969217,
            37.4494393
          ],
          [
            -8.7970844,
            37.4493545
          ],
          [
            -8.7971759,
            37.4493263
          ],
          [
            -8.7972912,
            37.4493288
          ]
        ],
        "type": "LineString"
      },
      "properties": {
        "highway": "path",
        "label": "Path",
        "layer": "path",
        "osm_id": 641830995,
        "osm_type": "way"
      },
      "type": "Feature"
    },
    {
      "geometry": {
        "coordinates": [
          [
            -8.7850675,
            37.4453491
          ],
          [
            -8.7852708,
            37.4454786
          ],
          [
            -8.7885357,
            37.447142
          ],
          [
            -8.7886476,
            37.4471865
          ],
          [
            -8.7888256,
            37.447243
          ],
          [
            -8.7889934,
            37.4473237
          ],
          [
            -8.7890697,
            37.4473762
          ],
          [
            -8.789207,
            37.4474893
          ],
          [
            -8.789385,
            37.447679
          ],
          [
            -8.789446,
            37.4477355
          ],
          [
            -8.7947505,
            37.450348
          ],
          [
            -8.7948546,
            37.4502928
          ],
          [
            -8.7951061,
            37.4504648
          ],
          [
            -8.7951773,
            37.4505132
          ],
          [
            -8.7952769,
            37.450528
          ],
          [
            -8.7955587,
            37.4505697
          ],
          [
            -8.7957571,
            37.4506182
          ],
          [
            -8.7959402,
            37.4506787
          ],
          [
            -8.7962046,
            37.4507837
          ],
          [
            -8.7962961,
            37.450812
          ],
          [
            -8.7965453,
            37.4509412
          ],
          [
            -8.7967233,
            37.4510219
          ],
          [
            -8.7969928,
            37.4511188
          ],
          [
            -8.797071,
            37.4511367
          ]
        ],
        "type": "LineString"
      },
      "properties": {
        "highway": "track",
        "label": "Track",
        "layer": "track",
        "osm_id": 641830996,
        "osm_type": "way"
      },
      "type": "Feature"
    },
    {
      "geometry": {
        "coordinates": [
          [
            -8.7974146,
            37.4520458
          ],
          [
            -8.7976082,
            37.4518778
          ],
          [
            -8.797659,
            37.4518132
          ],
          [
            -8.7978014,
            37.4517163
          ],
          [
            -8.7979845,
            37.4516598
          ],
          [
            -8.7980761,
            37.4516436
          ],
          [
            -8.7982744,
            37.4516315
          ],
          [
            -8.7984028,
            37.4516836
          ]
        ],
        "type": "LineString"
      },
      "properties": {
        "highway": "path",
        "label": "Path",
        "layer": "path",
        "osm_id": 641830997,
        "osm_type": "way"
      },
      "type": "Feature"
    },
    {
      "geometry": {
        "coordinates": [
          [
            -8.7976667,
            37.4528629
          ],
          [
            -8.7977455,
            37.4527175
          ],
          [
            -8.7978065,
            37.452657
          ],
          [
            -8.7978981,
            37.4526247
          ],
          [
            -8.7982744,
            37.4525762
          ],
          [
            -8.7984219,
            37.4524793
          ],
          [
            -8.7985083,
            37.4524511
          ],
          [
            -8.7987367,
            37.452326
          ],
          [
            -8.7988978,
            37.4522408
          ]
        ],
        "type": "LineString"
      },
      "properties": {
        "highway": "path",
        "label": "Path",
        "layer": "path",
        "osm_id": 641830998,
        "osm_type": "way"
      },
      "type": "Feature"
    },
    {
      "geometry": {
        "coordinates": [
          [
            -8.7975541,
            37.4542305
          ],
          [
            -8.7975522,
            37.4541547
          ],
          [
            -8.7975268,
            37.4540821
          ],
          [
            -8.7973997,
            37.4538035
          ],
          [
            -8.7973488,
            37.4537389
          ],
          [
            -8.7972878,
            37.4536864
          ],
          [
            -8.7971352,
            37.4536016
          ],
          [
            -8.7969979,
            37.4535088
          ],
          [
            -8.7968889,
            37.4532723
          ],
          [
            -8.7970742,
            37.4532666
          ],
          [
            -8.7971505,
            37.4532181
          ],
          [
            -8.7973285,
            37.4531535
          ],
          [
            -8.7973997,
            37.453101
          ],
          [
            -8.7974963,
            37.4529719
          ],
          [
            -8.7975522,
            37.4529113
          ],
          [
            -8.7976667,
            37.4528629
          ]
        ],
        "type": "LineString"
      },
      "properties": {
        "highway": "path",
        "label": "Path",
        "layer": "path",
        "osm_id": 641830999,
        "osm_type": "way"
      },
      "type": "Feature"
    },
    {
      "geometry": {
        "coordinates": [
          [
            -8.7989083,
            37.453484
          ],
          [
            -8.7988821,
            37.4534523
          ],
          [
            -8.7986812,
            37.4533594
          ],
          [
            -8.7985821,
            37.4533513
          ],
          [
            -8.7984371,
            37.4533513
          ],
          [
            -8.7983456,
            37.4533776
          ],
          [
            -8.7982566,
            37.4533917
          ],
          [
            -8.7982083,
            37.4533877
          ],
          [
            -8.7981472,
            37.4533392
          ],
          [
            -8.7979998,
            37.4532403
          ],
          [
            -8.7979438,
            37.4531777
          ],
          [
            -8.7979311,
            37.4531414
          ],
          [
            -8.7979082,
            37.4531091
          ],
          [
            -8.7978091,
            37.4530324
          ],
          [
            -8.7976667,
            37.4528629
          ],
          [
            -8.7976387,
            37.4527094
          ],
          [
            -8.7975326,
            37.4524461
          ]
        ],
        "type": "LineString"
      },
      "properties": {
        "highway": "path",
        "label": "Path",
        "layer": "path",
        "osm_id": 641831000,
        "osm_type": "way"
      },
      "type": "Feature"
    },
    {
      "geometry": {
        "coordinates": [
          [
            -8.7993016,
            37.453751
          ],
          [
            -8.7992635,
            37.4536844
          ],
          [
            -8.7992076,
            37.4536218
          ],
          [
            -8.7990957,
            37.4535552
          ],
          [
            -8.7990092,
            37.453527
          ],
          [
            -8.7989083,
            37.453484
          ]
        ],
        "type": "LineString"
      },
      "properties": {
        "highway": "path",
        "label": "Path",
        "layer": "path",
        "osm_id": 641831001,
        "osm_type": "way"
      },
      "type": "Feature"
    },
    {
      "geometry": {
        "coordinates": [
          [
            -8.7995554,
            37.4543042
          ],
          [
            -8.7996373,
            37.4541285
          ],
          [
            -8.7996322,
            37.4540881
          ],
          [
            -8.7996119,
            37.4540558
          ],
          [
            -8.7995813,
            37.4540255
          ],
          [
            -8.7993728,
            37.4538883
          ],
          [
            -8.7993016,
            37.4537873
          ],
          [
            -8.7993016,
            37.453751
          ],
          [
            -8.7993728,
            37.4536117
          ],
          [
            -8.7993805,
            37.4534301
          ],
          [
            -8.7993449,
            37.453206
          ],
          [
            -8.7993419,
            37.4530386
          ]
        ],
        "type": "LineString"
      },
      "properties": {
        "highway": "path",
        "label": "Path",
        "layer": "path",
        "osm_id": 641831002,
        "osm_type": "way"
      },
      "type": "Feature"
    },
    {
      "geometry": {
        "coordinates": [
          [
            -8.7988429,
            37.4545529
          ],
          [
            -8.7988835,
            37.4545211
          ],
          [
            -8.7990743,
            37.4543674
          ],
          [
            -8.7991739,
            37.4543245
          ],
          [
            -8.7992764,
            37.4543042
          ],
          [
            -8.7995554,
            37.4543042
          ],
          [
            -8.7996551,
            37.4543313
          ],
          [
            -8.7998771,
            37.4543403
          ],
          [
            -8.7999881,
            37.4543381
          ],
          [
            -8.8000735,
            37.4542929
          ],
          [
            -8.8000906,
            37.4542522
          ],
          [
            -8.8000963,
            37.4542092
          ],
          [
            -8.8000992,
            37.4539539
          ],
          [
            -8.8000565,
            37.4538363
          ],
          [
            -8.7999483,
            37.4536962
          ],
          [
            -8.7999141,
            37.4536668
          ],
          [
            -8.7995583,
            37.4532985
          ],
          [
            -8.7993419,
            37.4530386
          ],
          [
            -8.7993305,
            37.4528216
          ],
          [
            -8.799339,
            37.4526408
          ],
          [
            -8.7992821,
            37.4525278
          ],
          [
            -8.7992479,
            37.4524939
          ],
          [
            -8.7992052,
            37.452469
          ],
          [
            -8.7990202,
            37.4524058
          ],
          [
            -8.798986,
            37.4523719
          ],
          [
            -8.7989433,
            37.4523493
          ],
          [
            -8.7988978,
            37.4522408
          ],
          [
            -8.7988295,
            37.452182
          ],
          [
            -8.7987697,
            37.452069
          ],
          [
            -8.798727,
            37.451947
          ],
          [
            -8.7987384,
            37.4517549
          ],
          [
            -8.7987868,
            37.4516351
          ],
          [
            -8.7988465,
            37.4515673
          ],
          [
            -8.7989206,
            37.4515063
          ],
          [
            -8.7990392,
            37.4513344
          ],
          [
            -8.7991825,
            37.4511266
          ],
          [
            -8.7994216,
            37.4508802
          ],
          [
            -8.7994472,
            37.4508418
          ],
          [
            -8.7995013,
            37.4506407
          ],
          [
            -8.7995013,
            37.4504644
          ],
          [
            -8.7994643,
            37.450261
          ],
          [
            -8.7994643,
            37.4501751
          ],
          [
            -8.7994216,
            37.4500666
          ],
          [
            -8.799302,
            37.449931
          ],
          [
            -8.799228,
            37.4498722
          ],
          [
            -8.7990914,
            37.449818
          ],
          [
            -8.799006,
            37.4497683
          ],
          [
            -8.7989376,
            37.4497027
          ],
          [
            -8.7988835,
            37.4496281
          ],
          [
            -8.798875,
            37.4495897
          ],
          [
            -8.7987668,
            37.449323
          ],
          [
            -8.7987213,
            37.4492507
          ],
          [
            -8.7986131,
            37.4491128
          ],
          [
            -8.798521,
            37.4490042
          ]
        ],
        "type": "LineString"
      },
      "properties": {
        "highway": "path",
        "label": "Path",
        "layer": "path",
        "osm_id": 641831003,
        "osm_type": "way"
      },
      "type": "Feature"
    },
    {
      "geometry": {
        "coordinates": [
          [
            -8.7850675,
            37.4453491
          ],
          [
            -8.7849403,
            37.4456199
          ],
          [
            -8.7824855,
            37.4473509
          ],
          [
            -8.7820925,
            37.4478159
          ],
          [
            -8.7819662,
            37.4478813
          ],
          [
            -8.7792399,
            37.4496804
          ],
          [
            -8.7774099,
            37.4508518
          ]
        ],
        "type": "LineString"
      },
      "properties": {
        "highway": "service",
        "label": "Track",
        "layer": "track",
        "osm_id": 708468016,
        "osm_type": "way",
        "width": "3"
      },
      "type": "Feature"
    },
    {
      "geometry": {
        "coordinates": [
          [
            -8.7967595,
            37.4313773
          ],
          [
            -8.7967595,
            37.4309641
          ]
        ],
        "type": "LineString"
      },
      "properties": {
        "highway": "track",
        "label": "Track",
        "layer": "track",
        "osm_id": 809059994,
        "osm_type": "way"
      },
      "type": "Feature"
    },
    {
      "geometry": {
        "coordinates": [
          [
            -8.8015795,
            37.4311256
          ],
          [
            -8.8025099,
            37.431275
          ],
          [
            -8.802644,
            37.4313134
          ],
          [
            -8.8028586,
            37.4313517
          ]
        ],
        "type": "LineString"
      },
      "properties": {
        "highway": "track",
        "label": "Track",
        "layer": "track",
        "osm_id": 809059995,
        "osm_type": "way"
      },
      "type": "Feature"
    },
    {
      "geometry": {
        "coordinates": [
          [
            -8.7916278,
            37.4272616
          ],
          [
            -8.7915668,
            37.427265
          ],
          [
            -8.7914973,
            37.4272884
          ],
          [
            -8.7913525,
            37.4274077
          ],
          [
            -8.7914691,
            37.4281581
          ]
        ],
        "type": "LineString"
      },
      "properties": {
        "highway": "track",
        "label": "Track",
        "layer": "track",
        "osm_id": 809059996,
        "osm_type": "way"
      },
      "type": "Feature"
    },
    {
      "geometry": {
        "coordinates": [
          [
            -8.7979634,
            37.4408127
          ],
          [
            -8.7981552,
            37.4408232
          ],
          [
            -8.7981867,
            37.4408121
          ],
          [
            -8.7982806,
            37.4408169
          ]
        ],
        "type": "LineString"
      },
      "properties": {
        "highway": "track",
        "label": "Track",
        "layer": "track",
        "osm_id": 858818820,
        "osm_type": "way",
        "surface": "sett",
        "tracktype": "grade1"
      },
      "type": "Feature"
    },
    {
      "geometry": {
        "coordinates": [
          [
            -8.7966723,
            37.438491
          ],
          [
            -8.7967551,
            37.4384202
          ],
          [
            -8.7968029,
            37.4383464
          ]
        ],
        "type": "LineString"
      },
      "properties": {
        "highway": "unclassified",
        "label": "Road",
        "layer": "road",
        "osm_id": 876644742,
        "osm_type": "way"
      },
      "type": "Feature"
    },
    {
      "geometry": {
        "coordinates": [
          [
            -8.7954234,
            37.440093
          ],
          [
            -8.7952866,
            37.4398591
          ],
          [
            -8.7952068,
            37.4398335
          ]
        ],
        "type": "LineString"
      },
      "properties": {
        "highway": "path",
        "label": "Path",
        "layer": "path",
        "osm_id": 970073186,
        "osm_type": "way",
        "width": "5"
      },
      "type": "Feature"
    },
    {
      "geometry": {
        "coordinates": [
          [
            -8.7987463,
            37.4405276
          ],
          [
            -8.798844,
            37.4406223
          ]
        ],
        "type": "LineString"
      },
      "properties": {
        "highway": "path",
        "label": "Path",
        "layer": "path",
        "osm_id": 992390257,
        "osm_type": "way",
        "surface": "wood"
      },
      "type": "Feature"
    },
    {
      "geometry": {
        "coordinates": [
          [
            -8.8069123,
            37.4278359
          ],
          [
            -8.8069116,
            37.4277829
          ]
        ],
        "type": "LineString"
      },
      "properties": {
        "access_tags": {
          "foot": "yes",
          "motor_vehicle": "no"
        },
        "bridge": "yes",
        "foot": "yes",
        "highway": "path",
        "label": "Path",
        "layer": "path",
        "motor_vehicle": "no",
        "osm_id": 994084969,
        "osm_type": "way",
        "surface": "wood"
      },
      "type": "Feature"
    },
    {
      "geometry": {
        "coordinates": [
          [
            -8.8034179,
            37.4363023
          ],
          [
            -8.8034314,
            37.4362041
          ],
          [
            -8.8035033,
            37.4357145
          ],
          [
            -8.8035178,
            37.4356852
          ],
          [
            -8.8036589,
            37.4353993
          ],
          [
            -8.8037777,
            37.4353137
          ],
          [
            -8.804088,
            37.4352374
          ],
          [
            -8.8042222,
            37.4351139
          ],
          [
            -8.8043563,
            37.4349393
          ],
          [
            -8.8043402,
            37.4347561
          ],
          [
            -8.8042444,
            37.4345768
          ],
          [
            -8.8042383,
            37.434394
          ],
          [
            -8.80419,
            37.4342151
          ],
          [
            -8.80419,
            37.4341129
          ],
          [
            -8.8045011,
            37.4338829
          ],
          [
            -8.8048659,
            37.4335932
          ],
          [
            -8.8050483,
            37.433393
          ],
          [
            -8.8050536,
            37.433163
          ],
          [
            -8.8050912,
            37.4328308
          ],
          [
            -8.8052682,
            37.4326092
          ],
          [
            -8.8052445,
            37.4324391
          ],
          [
            -8.8051738,
            37.4323273
          ],
          [
            -8.8052309,
            37.4321244
          ],
          [
            -8.8051663,
            37.4319745
          ],
          [
            -8.8051385,
            37.4318427
          ],
          [
            -8.8051363,
            37.4317293
          ],
          [
            -8.8052364,
            37.431396
          ],
          [
            -8.8053925,
            37.4311231
          ],
          [
            -8.8055161,
            37.4310168
          ],
          [
            -8.805633,
            37.4308713
          ],
          [
            -8.8057457,
            37.4306966
          ],
          [
            -8.8058959,
            37.4304879
          ],
          [
            -8.8060514,
            37.4302578
          ],
          [
            -8.8061855,
            37.4301002
          ],
          [
            -8.8063626,
            37.4299597
          ],
          [
            -8.8065235,
            37.429802
          ],
          [
            -8.8067488,
            37.4294399
          ],
          [
            -8.8069741,
            37.4293377
          ],
          [
            -8.8071726,
            37.4291332
          ],
          [
            -8.807237,
            37.4289332
          ],
          [
            -8.8073013,
            37.4287799
          ],
          [
            -8.8074117,
            37.4286048
          ],
          [
            -8.8073533,
            37.4284683
          ],
          [
            -8.8070921,
            37.4282516
          ],
          [
            -8.8070575,
            37.4281604
          ],
          [
            -8.8069874,
            37.4280138
          ],
          [
            -8.8069138,
            37.4278705
          ],
          [
            -8.8069123,
            37.4278359
          ]
        ],
        "type": "LineString"
      },
      "properties": {
        "access_tags": {
          "foot": "yes",
          "motor_vehicle": "no"
        },
        "foot": "yes",
        "highway": "path",
        "label": "Path",
        "layer": "path",
        "motor_vehicle": "no",
        "osm_id": 994084970,
        "osm_type": "way",
        "surface": "sand"
      },
      "type": "Feature"
    },
    {
      "geometry": {
        "coordinates": [
          [
            -8.805238,
            37.4281635
          ],
          [
            -8.8060464,
            37.4282598
          ],
          [
            -8.8068082,
            37.4282257
          ],
          [
            -8.8070575,
            37.4281604
          ]
        ],
        "type": "LineString"
      },
      "properties": {
        "4wd_only": "yes",
        "highway": "track",
        "label": "Track",
        "layer": "track",
        "osm_id": 994084971,
        "osm_type": "way",
        "surface": "sand",
        "tracktype": "grade5"
      },
      "type": "Feature"
    },
    {
      "geometry": {
        "coordinates": [
          [
            -8.8070575,
            37.4281604
          ],
          [
            -8.8068618,
            37.4280979
          ],
          [
            -8.8062288,
            37.4280553
          ],
          [
            -8.80551,
            37.4280724
          ],
          [
            -8.805238,
            37.4281635
          ]
        ],
        "type": "LineString"
      },
      "properties": {
        "highway": "path",
        "label": "Path",
        "layer": "path",
        "osm_id": 994084972,
        "osm_type": "way"
      },
      "type": "Feature"
    },
    {
      "geometry": {
        "coordinates": [
          [
            -8.8013736,
            37.4370672
          ],
          [
            -8.8015032,
            37.4370691
          ],
          [
            -8.8017603,
            37.4370691
          ],
          [
            -8.8019963,
            37.437052
          ],
          [
            -8.802227,
            37.4368987
          ]
        ],
        "type": "LineString"
      },
      "properties": {
        "highway": "track",
        "label": "Track",
        "layer": "track",
        "osm_id": 994084973,
        "osm_type": "way",
        "surface": "ground",
        "tracktype": "grade3"
      },
      "type": "Feature"
    },
    {
      "geometry": {
        "coordinates": [
          [
            -8.802227,
            37.4368987
          ],
          [
            -8.8024791,
            37.4367751
          ],
          [
            -8.8026722,
            37.4366687
          ],
          [
            -8.8029243,
            37.4366133
          ],
          [
            -8.8031711,
            37.4365451
          ],
          [
            -8.8033106,
            37.4364174
          ],
          [
            -8.8034179,
            37.4363023
          ]
        ],
        "type": "LineString"
      },
      "properties": {
        "highway": "track",
        "label": "Track",
        "layer": "track",
        "osm_id": 994084974,
        "osm_type": "way",
        "surface": "sand",
        "tracktype": "grade3"
      },
      "type": "Feature"
    },
    {
      "geometry": {
        "coordinates": [
          [
            -8.7972928,
            37.4416916
          ],
          [
            -8.7969864,
            37.4416703
          ]
        ],
        "type": "LineString"
      },
      "properties": {
        "bridge": "boardwalk",
        "bridge:structure": "beam",
        "highway": "footway",
        "label": "Path",
        "layer": "path",
        "lit": "no",
        "osm_id": 994084975,
        "osm_type": "way",
        "surface": "wood"
      },
      "type": "Feature"
    },
    {
      "geometry": {
        "coordinates": [
          [
            -8.7975215,
            37.4417081
          ],
          [
            -8.7972928,
            37.4416916
          ],
          [
            -8.7973117,
            37.4411414
          ]
        ],
        "type": "LineString"
      },
      "properties": {
        "bridge": "boardwalk",
        "bridge:structure": "beam",
        "highway": "footway",
        "label": "Path",
        "layer": "path",
        "lit": "no",
        "osm_id": 994084976,
        "osm_type": "way",
        "surface": "wood"
      },
      "type": "Feature"
    },
    {
      "geometry": {
        "coordinates": [
          [
            -8.8069116,
            37.4277829
          ],
          [
            -8.8068869,
            37.4277501
          ],
          [
            -8.8069349,
            37.4276237
          ],
          [
            -8.806909,
            37.4273806
          ],
          [
            -8.806884,
            37.4271895
          ],
          [
            -8.8068368,
            37.4270306
          ],
          [
            -8.8069502,
            37.426814
          ],
          [
            -8.806901,
            37.4266126
          ],
          [
            -8.806875,
            37.4265352
          ],
          [
            -8.8068909,
            37.4264292
          ]
        ],
        "type": "LineString"
      },
      "properties": {
        "access_tags": {
          "foot": "yes",
          "motor_vehicle": "no"
        },
        "foot": "yes",
        "highway": "path",
        "label": "Path",
        "layer": "path",
        "motor_vehicle": "no",
        "osm_id": 995050520,
        "osm_type": "way",
        "surface": "ground"
      },
      "type": "Feature"
    },
    {
      "geometry": {
        "coordinates": [
          [
            -8.7892538,
            37.4402374
          ],
          [
            -8.7895131,
            37.4402552
          ],
          [
            -8.7900496,
            37.4399698
          ],
          [
            -8.7907372,
            37.440542
          ],
          [
            -8.79092,
            37.4409611
          ],
          [
            -8.7911456,
            37.4412024
          ],
          [
            -8.7914597,
            37.4412324
          ],
          [
            -8.791912,
            37.4413034
          ]
        ],
        "type": "LineString"
      },
      "properties": {
        "highway": "path",
        "label": "Path",
        "layer": "path",
        "osm_id": 1004519105,
        "osm_type": "way"
      },
      "type": "Feature"
    },
    {
      "geometry": {
        "coordinates": [
          [
            -8.7996913,
            37.4452335
          ],
          [
            -8.7995696,
            37.4451988
          ]
        ],
        "type": "LineString"
      },
      "properties": {
        "highway": "path",
        "label": "Path",
        "layer": "path",
        "osm_id": 1012038781,
        "osm_type": "way",
        "surface": "ground"
      },
      "type": "Feature"
    },
    {
      "geometry": {
        "coordinates": [
          [
            -8.7955229,
            37.4448422
          ],
          [
            -8.795833,
            37.4446611
          ],
          [
            -8.7959437,
            37.4446102
          ],
          [
            -8.7960655,
            37.4445878
          ],
          [
            -8.7963313,
            37.4445654
          ],
          [
            -8.7965978,
            37.4445948
          ],
          [
            -8.7972082,
            37.4447799
          ],
          [
            -8.7975929,
            37.4448124
          ],
          [
            -8.7979069,
            37.444752
          ],
          [
            -8.7980774,
            37.4447976
          ],
          [
            -8.7981886,
            37.4448188
          ],
          [
            -8.7989965,
            37.4447034
          ],
          [
            -8.7992978,
            37.4446804
          ],
          [
            -8.7994695,
            37.4446794
          ],
          [
            -8.7995939,
            37.4446965
          ]
        ],
        "type": "LineString"
      },
      "properties": {
        "highway": "path",
        "label": "Path",
        "layer": "path",
        "osm_id": 1012038782,
        "osm_type": "way",
        "surface": "sand"
      },
      "type": "Feature"
    },
    {
      "geometry": {
        "coordinates": [
          [
            -8.7995387,
            37.4448429
          ],
          [
            -8.7995754,
            37.4447901
          ],
          [
            -8.7995929,
            37.4447411
          ],
          [
            -8.7995939,
            37.4446965
          ]
        ],
        "type": "LineString"
      },
      "properties": {
        "highway": "path",
        "label": "Path",
        "layer": "path",
        "osm_id": 1012038783,
        "osm_type": "way",
        "surface": "ground"
      },
      "type": "Feature"
    },
    {
      "geometry": {
        "coordinates": [
          [
            -8.7952068,
            37.4398335
          ],
          [
            -8.7952021,
            37.4401199
          ],
          [
            -8.7952638,
            37.4405123
          ],
          [
            -8.7952689,
            37.440542
          ]
        ],
        "type": "LineString"
      },
      "properties": {
        "highway": "unclassified",
        "label": "Road",
        "layer": "road",
        "osm_id": 1012038784,
        "osm_type": "way",
        "surface": "ground"
      },
      "type": "Feature"
    },
    {
      "geometry": {
        "coordinates": [
          [
            [
              -8.7953617,
              37.4406353
            ],
            [
              -8.7953375,
              37.4407908
            ],
            [
              -8.7952758,
              37.4410037
            ],
            [
              -8.7952141,
              37.4411698
            ],
            [
              -8.7950867,
              37.441402
            ],
            [
              -8.794966,
              37.4415777
            ],
            [
              -8.7949365,
              37.4416064
            ],
            [
              -8.7948453,
              37.4416064
            ],
            [
              -8.7948118,
              37.4415638
            ],
            [
              -8.7948024,
              37.4415255
            ],
            [
              -8.7948038,
              37.4414829
            ],
            [
              -8.7948185,
              37.4414531
            ],
            [
              -8.7948453,
              37.4414297
            ],
            [
              -8.7949231,
              37.441336
            ],
            [
              -8.7950009,
              37.4412082
            ],
            [
              -8.7950894,
              37.4410059
            ],
            [
              -8.79519,
              37.440729
            ],
            [
              -8.7952195,
              37.4406779
            ],
            [
              -8.7952209,
              37.4406417
            ],
            [
              -8.7953617,
              37.4406353
            ]
          ]
        ],
        "type": "Polygon"
      },
      "properties": {
        "amenity": "parking",
        "label": "Parking",
        "layer": "parking",
        "osm_id": 1012038785,
        "osm_type": "way"
      },
      "type": "Feature"
    },
    {
      "geometry": {
        "coordinates": [
          [
            -8.7948911,
            37.4416538
          ],
          [
            -8.7949101,
            37.4417604
          ],
          [
            -8.7949376,
            37.4419145
          ],
          [
            -8.794972,
            37.4420417
          ],
          [
            -8.7950036,
            37.4422261
          ],
          [
            -8.795072,
            37.442306
          ]
        ],
        "type": "LineString"
      },
      "properties": {
        "highway": "track",
        "label": "Track",
        "layer": "track",
        "osm_id": 1012038786,
        "osm_type": "way"
      },
      "type": "Feature"
    },
    {
      "geometry": {
        "coordinates": [
          [
            -8.7952689,
            37.440542
          ],
          [
            -8.7952718,
            37.4406034
          ],
          [
            -8.7952665,
            37.4406598
          ],
          [
            -8.7952409,
            37.4407768
          ],
          [
            -8.7951544,
            37.4410049
          ],
          [
            -8.7950787,
            37.4412029
          ],
          [
            -8.7949727,
            37.4413924
          ],
          [
            -8.794895,
            37.4415084
          ],
          [
            -8.7948911,
            37.4416538
          ]
        ],
        "type": "LineString"
      },
      "properties": {
        "highway": "unclassified",
        "label": "Road",
        "layer": "road",
        "osm_id": 1012038787,
        "osm_type": "way"
      },
      "type": "Feature"
    },
    {
      "geometry": {
        "coordinates": [
          [
            -8.7973113,
            37.4408058
          ],
          [
            -8.7972364,
            37.4407711
          ],
          [
            -8.7970544,
            37.4407035
          ]
        ],
        "type": "LineString"
      },
      "properties": {
        "highway": "unclassified",
        "label": "Road",
        "layer": "road",
        "lit": "yes",
        "osm_id": 1012038792,
        "osm_type": "way",
        "surface": "paving_stones"
      },
      "type": "Feature"
    },
    {
      "geometry": {
        "coordinates": [
          [
            -8.7841597,
            37.4564044
          ],
          [
            -8.7853891,
            37.45705
          ],
          [
            -8.786164,
            37.4574801
          ],
          [
            -8.7871212,
            37.4563487
          ],
          [
            -8.7874537,
            37.4559769
          ],
          [
            -8.7886013,
            37.4545375
          ],
          [
            -8.7890625,
            37.4539498
          ]
        ],
        "type": "LineString"
      },
      "properties": {
        "highway": "track",
        "label": "Track",
        "layer": "track",
        "osm_id": 1081647504,
        "osm_type": "way",
        "source": "maxar"
      },
      "type": "Feature"
    },
    {
      "geometry": {
        "coordinates": [
          [
            -8.7875601,
            37.4540174
          ],
          [
            -8.7872231,
            37.4544268
          ],
          [
            -8.7869121,
            37.45481
          ],
          [
            -8.7864992,
            37.4553295
          ],
          [
            -8.7861184,
            37.455797
          ]
        ],
        "type": "LineString"
      },
      "properties": {
        "highway": "track",
        "label": "Track",
        "layer": "track",
        "osm_id": 1081647505,
        "osm_type": "way",
        "source": "maxar"
      },
      "type": "Feature"
    },
    {
      "geometry": {
        "coordinates": [
          [
            -8.7884771,
            37.4533726
          ],
          [
            -8.787839,
            37.4541616
          ]
        ],
        "type": "LineString"
      },
      "properties": {
        "highway": "track",
        "label": "Track",
        "layer": "track",
        "osm_id": 1081647506,
        "osm_type": "way",
        "source": "maxar"
      },
      "type": "Feature"
    },
    {
      "geometry": {
        "coordinates": [
          [
            -8.7886013,
            37.4545375
          ],
          [
            -8.787839,
            37.4541616
          ],
          [
            -8.7875601,
            37.4540174
          ],
          [
            -8.7871879,
            37.4538198
          ],
          [
            -8.7865253,
            37.4534913
          ]
        ],
        "type": "LineString"
      },
      "properties": {
        "highway": "track",
        "label": "Track",
        "layer": "track",
        "osm_id": 1081647507,
        "osm_type": "way",
        "source": "maxar"
      },
      "type": "Feature"
    },
    {
      "geometry": {
        "coordinates": [
          [
            -8.787819,
            37.4530356
          ],
          [
            -8.7871879,
            37.4538198
          ]
        ],
        "type": "LineString"
      },
      "properties": {
        "highway": "track",
        "label": "Track",
        "layer": "track",
        "osm_id": 1081647508,
        "osm_type": "way",
        "source": "maxar"
      },
      "type": "Feature"
    },
    {
      "geometry": {
        "coordinates": [
          [
            -8.787819,
            37.4530356
          ],
          [
            -8.7884771,
            37.4533726
          ],
          [
            -8.7890625,
            37.4536603
          ]
        ],
        "type": "LineString"
      },
      "properties": {
        "highway": "track",
        "label": "Track",
        "layer": "track",
        "osm_id": 1081647509,
        "osm_type": "way",
        "source": "maxar"
      },
      "type": "Feature"
    },
    {
      "geometry": {
        "coordinates": [
          [
            -8.787819,
            37.4530356
          ],
          [
            -8.7884769,
            37.4522258
          ],
          [
            -8.7889392,
            37.4516546
          ],
          [
            -8.7890625,
            37.4515141
          ]
        ],
        "type": "LineString"
      },
      "properties": {
        "highway": "track",
        "label": "Track",
        "layer": "track",
        "osm_id": 1081647510,
        "osm_type": "way",
        "source": "maxar"
      },
      "type": "Feature"
    },
    {
      "geometry": {
        "coordinates": [
          [
            -8.7904204,
            37.4515102
          ],
          [
            -8.7899201,
            37.4520985
          ],
          [
            -8.7899014,
            37.4521136
          ]
        ],
        "type": "LineString"
      },
      "properties": {
        "highway": "track",
        "label": "Track",
        "layer": "track",
        "osm_id": 1081647511,
        "osm_type": "way",
        "source": "maxar"
      },
      "type": "Feature"
    },
    {
      "geometry": {
        "coordinates": [
          [
            -8.7890625,
            37.4539498
          ],
          [
            -8.7892288,
            37.4537411
          ],
          [
            -8.7898763,
            37.4529425
          ],
          [
            -8.7908804,
            37.453443
          ],
          [
            -8.79184,
            37.453952
          ],
          [
            -8.7911873,
            37.4547642
          ]
        ],
        "type": "LineString"
      },
      "properties": {
        "highway": "track",
        "label": "Track",
        "layer": "track",
        "osm_id": 1081647512,
        "osm_type": "way",
        "source": "maxar"
      },
      "type": "Feature"
    },
    {
      "geometry": {
        "coordinates": [
          [
            -8.7912081,
            37.4530566
          ],
          [
            -8.7909555,
            37.4533579
          ],
          [
            -8.7908804,
            37.453443
          ],
          [
            -8.7902262,
            37.4542564
          ],
          [
            -8.7895881,
            37.4550357
          ]
        ],
        "type": "LineString"
      },
      "properties": {
        "highway": "track",
        "label": "Track",
        "layer": "track",
        "osm_id": 1081647513,
        "osm_type": "way",
        "source": "maxar"
      },
      "type": "Feature"
    },
    {
      "geometry": {
        "coordinates": [
          [
            -8.7912081,
            37.4530566
          ],
          [
            -8.7914864,
            37.4527064
          ],
          [
            -8.7915151,
            37.4526743
          ],
          [
            -8.7917384,
            37.4523955
          ]
        ],
        "type": "LineString"
      },
      "properties": {
        "highway": "track",
        "label": "Track",
        "layer": "track",
        "osm_id": 1081647514,
        "osm_type": "way",
        "source": "maxar"
      },
      "type": "Feature"
    },
    {
      "geometry": {
        "coordinates": [
          [
            -8.7922586,
            37.4552784
          ],
          [
            -8.792205,
            37.4548525
          ],
          [
            -8.792146,
            37.4544267
          ],
          [
            -8.7921353,
            37.4543032
          ],
          [
            -8.7921353,
            37.4542819
          ],
          [
            -8.7921353,
            37.4542692
          ],
          [
            -8.7921245,
            37.4541925
          ],
          [
            -8.7920911,
            37.4540807
          ],
          [
            -8.7921438,
            37.4538755
          ],
          [
            -8.7921923,
            37.4535571
          ],
          [
            -8.7923122,
            37.4530726
          ],
          [
            -8.7921567,
            37.4529959
          ],
          [
            -8.7915151,
            37.4526743
          ]
        ],
        "type": "LineString"
      },
      "properties": {
        "highway": "track",
        "label": "Track",
        "layer": "track",
        "osm_id": 1081647515,
        "osm_type": "way",
        "source": "maxar"
      },
      "type": "Feature"
    },
    {
      "geometry": {
        "coordinates": [
          [
            -8.7922586,
            37.4552784
          ],
          [
            -8.7921889,
            37.4552613
          ],
          [
            -8.7911873,
            37.4547642
          ],
          [
            -8.7902262,
            37.4542564
          ],
          [
            -8.7896524,
            37.4539668
          ]
        ],
        "type": "LineString"
      },
      "properties": {
        "highway": "track",
        "label": "Track",
        "layer": "track",
        "osm_id": 1081647516,
        "osm_type": "way",
        "source": "maxar"
      },
      "type": "Feature"
    },
    {
      "geometry": {
        "coordinates": [
          [
            -8.7912081,
            37.4530566
          ],
          [
            -8.7921353,
            37.453524
          ],
          [
            -8.7921923,
            37.4535571
          ]
        ],
        "type": "LineString"
      },
      "properties": {
        "highway": "track",
        "label": "Track",
        "layer": "track",
        "osm_id": 1081647517,
        "osm_type": "way",
        "source": "maxar"
      },
      "type": "Feature"
    },
    {
      "geometry": {
        "coordinates": [
          [
            -8.801103,
            37.4435389
          ],
          [
            -8.8010812,
            37.4435145
          ],
          [
            -8.801029,
            37.4434966
          ],
          [
            -8.8009353,
            37.4434938
          ],
          [
            -8.8008415,
            37.4434331
          ],
          [
            -8.8007129,
            37.4433904
          ],
          [
            -8.8006487,
            37.4433683
          ],
          [
            -8.8005549,
            37.4433849
          ],
          [
            -8.8004437,
            37.4434014
          ],
          [
            -8.800435,
            37.4434373
          ],
          [
            -8.8004906,
            37.4434855
          ],
          [
            -8.8005445,
            37.4435186
          ],
          [
            -8.8006018,
            37.4435062
          ],
          [
            -8.8006157,
            37.4435255
          ],
          [
            -8.8006713,
            37.4435476
          ],
          [
            -8.8007112,
            37.4435379
          ],
          [
            -8.8007338,
            37.4435517
          ],
          [
            -8.8007616,
            37.4435517
          ],
          [
            -8.8008015,
            37.4435807
          ],
          [
            -8.8008623,
            37.4435779
          ],
          [
            -8.8009196,
            37.4435986
          ],
          [
            -8.8009578,
            37.4435917
          ],
          [
            -8.8010147,
            37.4435844
          ],
          [
            -8.801103,
            37.4435389
          ]
        ],
        "type": "LineString"
      },
      "properties": {
        "label": "Coastline",
        "layer": "coastline",
        "natural": "coastline",
        "osm_id": 1104198292,
        "osm_type": "way"
      },
      "type": "Feature"
    },
    {
      "geometry": {
        "coordinates": [
          [
            -8.7991135,
            37.4620441
          ],
          [
            -8.7991916,
            37.4619355
          ],
          [
            -8.7994616,
            37.461772
          ],
          [
            -8.7995724,
            37.4615371
          ],
          [
            -8.7996735,
            37.4614645
          ],
          [
            -8.7998092,
            37.4614727
          ],
          [
            -8.8000363,
            37.4615886
          ],
          [
            -8.8002398,
            37.4615875
          ],
          [
            -8.8003521,
            37.4615147
          ],
          [
            -8.8007249,
            37.4614854
          ],
          [
            -8.8007585,
            37.4614582
          ],
          [
            -8.8007467,
            37.4613952
          ],
          [
            -8.8006897,
            37.4613504
          ],
          [
            -8.8003039,
            37.4611634
          ],
          [
            -8.8000171,
            37.4606965
          ],
          [
            -8.7998233,
            37.4605175
          ],
          [
            -8.7996301,
            37.4603924
          ],
          [
            -8.7993467,
            37.4602951
          ],
          [
            -8.7987701,
            37.4602803
          ],
          [
            -8.7986567,
            37.4602448
          ],
          [
            -8.7984743,
            37.4600747
          ],
          [
            -8.7984163,
            37.4598859
          ],
          [
            -8.7987303,
            37.4596228
          ],
          [
            -8.7990792,
            37.4594495
          ],
          [
            -8.7992361,
            37.4592953
          ],
          [
            -8.7992689,
            37.4591871
          ],
          [
            -8.7992214,
            37.4589171
          ],
          [
            -8.7991181,
            37.4587374
          ],
          [
            -8.7989815,
            37.458639
          ],
          [
            -8.7987206,
            37.4585325
          ],
          [
            -8.7986181,
            37.458443
          ],
          [
            -8.7984342,
            37.4581016
          ],
          [
            -8.7982979,
            37.4580212
          ],
          [
            -8.7982277,
            37.4577603
          ],
          [
            -8.7980787,
            37.4575089
          ],
          [
            -8.7981003,
            37.4574007
          ],
          [
            -8.7982798,
            37.4572465
          ],
          [
            -8.798312,
            37.4570481
          ],
          [
            -8.798208,
            37.4567964
          ],
          [
            -8.798218,
            37.4566612
          ],
          [
            -8.7983738,
            37.4563722
          ],
          [
            -8.798575,
            37.4561368
          ],
          [
            -8.7986986,
            37.456055
          ],
          [
            -8.7987891,
            37.4560545
          ],
          [
            -8.7991294,
            37.4561877
          ],
          [
            -8.7992422,
            37.4561781
          ],
          [
            -8.7993097,
            37.4561327
          ],
          [
            -8.7993084,
            37.4559884
          ],
          [
            -8.7991489,
            37.4558451
          ],
          [
            -8.7991597,
            37.4557999
          ],
          [
            -8.7992388,
            37.4557995
          ],
          [
            -8.799534,
            37.455933
          ],
          [
            -8.7997136,
            37.4557968
          ],
          [
            -8.8001657,
            37.4558122
          ],
          [
            -8.8003125,
            37.4557845
          ],
          [
            -8.8003229,
            37.4556943
          ],
          [
            -8.8002768,
            37.4555955
          ],
          [
            -8.7999576,
            37.4552818
          ],
          [
            -8.7997873,
            37.4551838
          ],
          [
            -8.7997408,
            37.4550399
          ],
          [
            -8.7998622,
            37.4547057
          ],
          [
            -8.799907,
            37.4546695
          ],
          [
            -8.8001783,
            37.4546769
          ],
          [
            -8.800336,
            37.454622
          ],
          [
            -8.8005845,
            37.4545935
          ],
          [
            -8.8006858,
            37.4545481
          ],
          [
            -8.8007079,
            37.4544939
          ],
          [
            -8.8007071,
            37.4544038
          ],
          [
            -8.8004749,
            37.4537114
          ],
          [
            -8.800321,
            37.4533311
          ]
        ],
        "type": "LineString"
      },
      "properties": {
        "admin_level": "6",
        "border_type": "distrito",
        "boundary": "administrative",
        "label": "Coastline",
        "layer": "coastline",
        "natural": "coastline",
        "osm_id": 1147000216,
        "osm_type": "way",
        "source": "DGT - CAOP 2022"
      },
      "type": "Feature"
    },
    {
      "geometry": {
        "coordinates": [
          [
            -8.800321,
            37.4533311
          ],
          [
            -8.8002312,
            37.4529919
          ],
          [
            -8.8000449,
            37.4523802
          ],
          [
            -8.7999418,
            37.4522186
          ],
          [
            -8.7994983,
            37.4519148
          ],
          [
            -8.7994967,
            37.4517345
          ],
          [
            -8.7995862,
            37.451644
          ],
          [
            -8.7997214,
            37.4515982
          ],
          [
            -8.8003318,
            37.4515947
          ],
          [
            -8.8004779,
            37.4515128
          ],
          [
            -8.8005797,
            37.4515122
          ],
          [
            -8.8008407,
            37.4516369
          ],
          [
            -8.80101,
            37.4516268
          ],
          [
            -8.8011017,
            37.4517616
          ],
          [
            -8.8011582,
            37.4517612
          ],
          [
            -8.8011917,
            37.4517249
          ],
          [
            -8.801271,
            37.4517426
          ],
          [
            -8.8013058,
            37.4518324
          ],
          [
            -8.8013511,
            37.4518593
          ],
          [
            -8.8013962,
            37.451841
          ],
          [
            -8.8014401,
            37.4516875
          ],
          [
            -8.8015076,
            37.4516511
          ],
          [
            -8.8015521,
            37.4515787
          ],
          [
            -8.8015511,
            37.4514707
          ],
          [
            -8.8014822,
            37.4513359
          ],
          [
            -8.801198,
            37.4511483
          ],
          [
            -8.8010484,
            37.4508428
          ],
          [
            -8.8009914,
            37.4507891
          ],
          [
            -8.8008666,
            37.4507358
          ],
          [
            -8.80038,
            37.4506754
          ],
          [
            -8.800525,
            37.4504494
          ],
          [
            -8.800716,
            37.4503311
          ],
          [
            -8.8006809,
            37.4501873
          ],
          [
            -8.800271,
            37.4498562
          ],
          [
            -8.8001682,
            37.4497308
          ],
          [
            -8.8000848,
            37.4492537
          ],
          [
            -8.8002582,
            37.4489995
          ],
          [
            -8.8001719,
            37.4488658
          ],
          [
            -8.8004548,
            37.4489092
          ],
          [
            -8.8005108,
            37.4488547
          ],
          [
            -8.8005093,
            37.4486834
          ],
          [
            -8.8008371,
            37.4486907
          ],
          [
            -8.8009381,
            37.448627
          ],
          [
            -8.8009716,
            37.4485728
          ],
          [
            -8.8009483,
            37.4484917
          ],
          [
            -8.8007322,
            37.4483308
          ],
          [
            -8.8007089,
            37.4482589
          ],
          [
            -8.8007762,
            37.4482134
          ],
          [
            -8.8010247,
            37.448185
          ],
          [
            -8.8010692,
            37.4481036
          ],
          [
            -8.8010119,
            37.4480139
          ],
          [
            -8.8008299,
            37.4478888
          ],
          [
            -8.800479,
            37.4478186
          ],
          [
            -8.8002631,
            37.4476848
          ],
          [
            -8.7999459,
            37.4476144
          ],
          [
            -8.7999224,
            37.4474974
          ],
          [
            -8.8000093,
            37.4471185
          ],
          [
            -8.8000763,
            37.447019
          ],
          [
            -8.8001999,
            37.4469463
          ],
          [
            -8.8003015,
            37.4469367
          ],
          [
            -8.8005283,
            37.4470256
          ],
          [
            -8.800698,
            37.4470335
          ],
          [
            -8.8009898,
            37.4468157
          ],
          [
            -8.8011709,
            37.4468507
          ],
          [
            -8.8013081,
            37.4470301
          ],
          [
            -8.8014103,
            37.4470837
          ],
          [
            -8.8020443,
            37.4471973
          ],
          [
            -8.8021111,
            37.4470979
          ],
          [
            -8.8022573,
            37.4470249
          ],
          [
            -8.8023021,
            37.4469616
          ],
          [
            -8.8023014,
            37.4468896
          ],
          [
            -8.8022556,
            37.4468358
          ],
          [
            -8.8020065,
            37.4467741
          ],
          [
            -8.8018696,
            37.4466307
          ],
          [
            -8.8017865,
            37.4461806
          ],
          [
            -8.8016951,
            37.446064
          ],
          [
            -8.8015815,
            37.4460107
          ],
          [
            -8.8014004,
            37.4459757
          ],
          [
            -8.8008697,
            37.4460056
          ],
          [
            -8.8007557,
            37.4459071
          ],
          [
            -8.8005481,
            37.4454399
          ],
          [
            -8.8005697,
            37.4453225
          ],
          [
            -8.800694,
            37.4453218
          ],
          [
            -8.8008191,
            37.4454023
          ],
          [
            -8.8008643,
            37.4454021
          ],
          [
            -8.8009538,
            37.4453115
          ],
          [
            -8.8013379,
            37.4453
          ],
          [
            -8.8014726,
            37.4452001
          ],
          [
            -8.8014718,
            37.4451101
          ],
          [
            -8.8012796,
            37.4450842
          ],
          [
            -8.8011765,
            37.4449226
          ],
          [
            -8.8010178,
            37.4448693
          ],
          [
            -8.8009265,
            37.4447888
          ],
          [
            -8.8007891,
            37.4445823
          ],
          [
            -8.8006163,
            37.4441959
          ],
          [
            -8.8004226,
            37.4440348
          ],
          [
            -8.8000375,
            37.4439379
          ],
          [
            -8.7990328,
            37.4440428
          ],
          [
            -8.7983226,
            37.4442268
          ],
          [
            -8.7979105,
            37.4442309
          ],
          [
            -8.7979067,
            37.4441542
          ],
          [
            -8.7979032,
            37.444085
          ],
          [
            -8.7982112,
            37.4440209
          ]
        ],
        "type": "LineString"
      },
      "properties": {
        "admin_level": "6",
        "border_type": "distrito",
        "boundary": "administrative",
        "label": "Coastline",
        "layer": "coastline",
        "natural": "coastline",
        "osm_id": 1147930428,
        "osm_type": "way",
        "source": "DGT - CAOP 2022"
      },
      "type": "Feature"
    },
    {
      "geometry": {
        "coordinates": [
          [
            -8.8003476,
            37.4405389
          ],
          [
            -8.8003284,
            37.4405448
          ],
          [
            -8.8002983,
            37.4405443
          ],
          [
            -8.8003077,
            37.4405613
          ],
          [
            -8.800311,
            37.4405714
          ],
          [
            -8.800301,
            37.4405778
          ],
          [
            -8.8002896,
            37.4405741
          ],
          [
            -8.8002755,
            37.4405613
          ],
          [
            -8.8002835,
            37.4405874
          ],
          [
            -8.8003144,
            37.4405906
          ],
          [
            -8.8003398,
            37.4406124
          ],
          [
            -8.8003533,
            37.4406124
          ],
          [
            -8.8003466,
            37.4405906
          ],
          [
            -8.8003761,
            37.4405831
          ],
          [
            -8.8003647,
            37.4405741
          ],
          [
            -8.8003633,
            37.440565
          ],
          [
            -8.8003613,
            37.4405485
          ],
          [
            -8.8003476,
            37.4405389
          ]
        ],
        "type": "LineString"
      },
      "properties": {
        "label": "Coastline",
        "layer": "coastline",
        "natural": "coastline",
        "osm_id": 1148478570,
        "osm_type": "way"
      },
      "type": "Feature"
    },
    {
      "geometry": {
        "coordinates": [
          [
            -8.8002373,
            37.440606
          ],
          [
            -8.8002319,
            37.4405613
          ],
          [
            -8.8002124,
            37.4405432
          ],
          [
            -8.8001923,
            37.4405528
          ],
          [
            -8.8002051,
            37.4405677
          ],
          [
            -8.8001997,
            37.4405831
          ],
          [
            -8.8002044,
            37.4405916
          ],
          [
            -8.8002198,
            37.4405943
          ],
          [
            -8.8002225,
            37.4406082
          ],
          [
            -8.8002373,
            37.440606
          ]
        ],
        "type": "LineString"
      },
      "properties": {
        "label": "Coastline",
        "layer": "coastline",
        "natural": "coastline",
        "osm_id": 1148478571,
        "osm_type": "way"
      },
      "type": "Feature"
    },
    {
      "geometry": {
        "coordinates": [
          [
            -8.7834083,
            37.4444377
          ],
          [
            -8.7834272,
            37.4443504
          ],
          [
            -8.7835693,
            37.4442322
          ],
          [
            -8.7837799,
            37.4441023
          ],
          [
            -8.78391,
            37.4439798
          ],
          [
            -8.7839381,
            37.4438563
          ],
          [
            -8.7837383,
            37.4434517
          ],
          [
            -8.7830946,
            37.4419674
          ],
          [
            -8.7822524,
            37.4400145
          ],
          [
            -8.7820512,
            37.4400465
          ],
          [
            -8.7816918,
            37.44022
          ],
          [
            -8.7803654,
            37.440795
          ],
          [
            -8.7796278,
            37.4410463
          ],
          [
            -8.7794173,
            37.4410314
          ],
          [
            -8.7792439,
            37.441037
          ]
        ],
        "type": "LineString"
      },
      "properties": {
        "highway": "track",
        "label": "Track",
        "layer": "track",
        "osm_id": 1158160238,
        "osm_type": "way"
      },
      "type": "Feature"
    },
    {
      "geometry": {
        "coordinates": [
          [
            -8.7989344,
            37.4513806
          ],
          [
            -8.7990392,
            37.4513344
          ]
        ],
        "type": "LineString"
      },
      "properties": {
        "highway": "path",
        "label": "Path",
        "layer": "path",
        "osm_id": 1173145712,
        "osm_type": "way",
        "surface": "sand"
      },
      "type": "Feature"
    },
    {
      "geometry": {
        "coordinates": [
          [
            -8.7948785,
            37.4447085
          ],
          [
            -8.7948323,
            37.4446104
          ]
        ],
        "type": "LineString"
      },
      "properties": {
        "highway": "path",
        "label": "Path",
        "layer": "path",
        "osm_id": 1173145713,
        "osm_type": "way",
        "surface": "sand"
      },
      "type": "Feature"
    },
    {
      "geometry": {
        "coordinates": [
          [
            -8.7886476,
            37.4471865
          ],
          [
            -8.7890786,
            37.447206
          ],
          [
            -8.7891832,
            37.447189
          ],
          [
            -8.7897062,
            37.4470505
          ],
          [
            -8.7899369,
            37.4470292
          ],
          [
            -8.7901904,
            37.4468642
          ],
          [
            -8.7904948,
            37.4466534
          ],
          [
            -8.7925185,
            37.4454769
          ],
          [
            -8.7939468,
            37.444657
          ],
          [
            -8.7941855,
            37.4445995
          ],
          [
            -8.7944645,
            37.4446187
          ],
          [
            -8.7947622,
            37.4446889
          ],
          [
            -8.7948785,
            37.4447085
          ],
          [
            -8.7949902,
            37.4447273
          ],
          [
            -8.795473,
            37.4448849
          ],
          [
            -8.7958485,
            37.4452469
          ],
          [
            -8.7966639,
            37.4460305
          ],
          [
            -8.7968999,
            37.446235
          ],
          [
            -8.7973961,
            37.4470058
          ],
          [
            -8.7977582,
            37.4475233
          ],
          [
            -8.7978508,
            37.4476564
          ],
          [
            -8.7977609,
            37.4485465
          ],
          [
            -8.7977301,
            37.4489031
          ],
          [
            -8.7971735,
            37.4491853
          ],
          [
            -8.7967953,
            37.4493141
          ],
          [
            -8.796621,
            37.4493397
          ],
          [
            -8.7963179,
            37.4492992
          ],
          [
            -8.7961677,
            37.4492928
          ],
          [
            -8.7961167,
            37.4492949
          ]
        ],
        "type": "LineString"
      },
      "properties": {
        "access": "private",
        "access_tags": {
          "access": "private"
        },
        "highway": "track",
        "label": "Track",
        "layer": "track",
        "osm_id": 1173145714,
        "osm_type": "way",
        "surface": "sand",
        "tracktype": "grade5"
      },
      "type": "Feature"
    },
    {
      "geometry": {
        "coordinates": [
          [
            -8.7919211,
            37.4411085
          ],
          [
            -8.7918887,
            37.4411765
          ],
          [
            -8.7918708,
            37.4412375
          ],
          [
            -8.7918822,
            37.4412737
          ],
          [
            -8.791912,
            37.4413034
          ],
          [
            -8.792271,
            37.4416118
          ],
          [
            -8.7928584,
            37.4421011
          ],
          [
            -8.7930697,
            37.4422964
          ],
          [
            -8.7930974,
            37.4423434
          ],
          [
            -8.7930912,
            37.4423805
          ],
          [
            -8.7930729,
            37.4424077
          ],
          [
            -8.7930375,
            37.4424284
          ]
        ],
        "type": "LineString"
      },
      "properties": {
        "highway": "path",
        "label": "Path",
        "layer": "path",
        "osm_id": 1173145715,
        "osm_type": "way",
        "surface": "ground"
      },
      "type": "Feature"
    },
    {
      "geometry": {
        "coordinates": [
          [
            -8.7952068,
            37.4398335
          ],
          [
            -8.79519,
            37.4397717
          ],
          [
            -8.7951404,
            37.4397066
          ],
          [
            -8.7941646,
            37.4387418
          ],
          [
            -8.7932172,
            37.4382746
          ],
          [
            -8.7924159,
            37.4376894
          ],
          [
            -8.7918225,
            37.4373259
          ]
        ],
        "type": "LineString"
      },
      "properties": {
        "highway": "unclassified",
        "label": "Road",
        "layer": "road",
        "osm_id": 1178562696,
        "osm_type": "way",
        "surface": "compacted",
        "width": "5"
      },
      "type": "Feature"
    },
    {
      "geometry": {
        "coordinates": [
          [
            -8.7868255,
            37.4398058
          ],
          [
            -8.7872574,
            37.4404958
          ],
          [
            -8.7873432,
            37.4405789
          ],
          [
            -8.7874331,
            37.4406225
          ],
          [
            -8.7879254,
            37.4408959
          ],
          [
            -8.7884028,
            37.4412687
          ]
        ],
        "type": "LineString"
      },
      "properties": {
        "highway": "track",
        "label": "Track",
        "layer": "track",
        "osm_id": 1192945459,
        "osm_type": "way",
        "surface": "sand"
      },
      "type": "Feature"
    },
    {
      "geometry": {
        "coordinates": [
          [
            -8.7868726,
            37.4427782
          ],
          [
            -8.7866368,
            37.4428653
          ],
          [
            -8.7865597,
            37.4429135
          ],
          [
            -8.786506,
            37.4429802
          ],
          [
            -8.7854631,
            37.4448918
          ],
          [
            -8.7854434,
            37.4449912
          ],
          [
            -8.7854577,
            37.4451346
          ],
          [
            -8.7853182,
            37.4453518
          ],
          [
            -8.7852324,
            37.4453283
          ]
        ],
        "type": "LineString"
      },
      "properties": {
        "access": "private",
        "access_tags": {
          "access": "private"
        },
        "highway": "track",
        "label": "Track",
        "layer": "track",
        "osm_id": 1192946907,
        "osm_type": "way"
      },
      "type": "Feature"
    },
    {
      "geometry": {
        "coordinates": [
          [
            -8.7852324,
            37.4453283
          ],
          [
            -8.7851466,
            37.4453049
          ],
          [
            -8.7850675,
            37.4453491
          ]
        ],
        "type": "LineString"
      },
      "properties": {
        "highway": "track",
        "label": "Track",
        "layer": "track",
        "osm_id": 1192946908,
        "osm_type": "way"
      },
      "type": "Feature"
    },
    {
      "geometry": {
        "coordinates": [
          [
            -8.7786689,
            37.435721
          ],
          [
            -8.778854,
            37.4357594
          ],
          [
            -8.7791249,
            37.4357594
          ],
          [
            -8.7792617,
            37.43577
          ],
          [
            -8.7793261,
            37.435787
          ],
          [
            -8.7793529,
            37.4358041
          ],
          [
            -8.779377,
            37.4358595
          ],
          [
            -8.7797284,
            37.437033
          ],
          [
            -8.7798652,
            37.4371799
          ]
        ],
        "type": "LineString"
      },
      "properties": {
        "highway": "track",
        "label": "Track",
        "layer": "track",
        "osm_id": 1215285697,
        "osm_type": "way"
      },
      "type": "Feature"
    },
    {
      "geometry": {
        "coordinates": [
          [
            -8.778328,
            37.4411301
          ],
          [
            -8.7789935,
            37.4411155
          ],
          [
            -8.7792439,
            37.441037
          ],
          [
            -8.7803966,
            37.4406758
          ],
          [
            -8.7813783,
            37.4402754
          ],
          [
            -8.7823892,
            37.4397057
          ]
        ],
        "type": "LineString"
      },
      "properties": {
        "highway": "track",
        "label": "Track",
        "layer": "track",
        "osm_id": 1215286016,
        "osm_type": "way"
      },
      "type": "Feature"
    },
    {
      "geometry": {
        "coordinates": [
          [
            -8.7986209,
            37.4429526
          ],
          [
            -8.7989424,
            37.4419458
          ],
          [
            -8.7996247,
            37.4406469
          ],
          [
            -8.7998034,
            37.4404316
          ]
        ],
        "type": "LineString"
      },
      "properties": {
        "label": "Coastline",
        "layer": "coastline",
        "natural": "coastline",
        "osm_id": 1242990210,
        "osm_type": "way"
      },
      "type": "Feature"
    },
    {
      "geometry": {
        "coordinates": [
          [
            [
              -8.800413,
              37.4396322
            ],
            [
              -8.8003861,
              37.4396781
            ],
            [
              -8.8002992,
              37.4396292
            ],
            [
              -8.8002572,
              37.4396074
            ],
            [
              -8.8001558,
              37.4394902
            ],
            [
              -8.8001107,
              37.4392737
            ],
            [
              -8.8001464,
              37.4391751
            ],
            [
              -8.8003933,
              37.4389173
            ],
            [
              -8.8006277,
              37.4387648
            ],
            [
              -8.8008494,
              37.4386823
            ],
            [
              -8.8009788,
              37.4387588
            ],
            [
              -8.8008381,
              37.4389604
            ],
            [
              -8.8007307,
              37.4391753
            ],
            [
              -8.8005686,
              37.4393332
            ],
            [
              -8.8004606,
              37.4395385
            ],
            [
              -8.800413,
              37.4396322
            ]
          ]
        ],
        "type": "Polygon"
      },
      "properties": {
        "access": "yes",
        "alt_name": "Furna das Adegas",
        "layer": "beach",
        "name": "Praia das Adegas",
        "natural": "beach",
        "nudism": "yes",
        "osm_id": 1242990213,
        "osm_type": "way",
        "surface": "sand",
        "wikidata": "Q7237776",
        "wikipedia": "en:Praia das Adegas"
      },
      "type": "Feature"
    },
    {
      "geometry": {
        "coordinates": [
          [
            [
              -8.7982112,
              37.4440209
            ],
            [
              -8.7979032,
              37.444085
            ],
            [
              -8.797559,
              37.4439907
            ],
            [
              -8.7970152,
              37.4437637
            ],
            [
              -8.7965908,
              37.4433659
            ],
            [
              -8.7962859,
              37.4432188
            ],
            [
              -8.7961239,
              37.443083
            ],
            [
              -8.7960303,
              37.4429992
            ],
            [
              -8.7958807,
              37.4429193
            ],
            [
              -8.7957707,
              37.4427894
            ],
            [
              -8.7957838,
              37.4426968
            ],
            [
              -8.7958424,
              37.4424839
            ],
            [
              -8.7958636,
              37.4423401
            ],
            [
              -8.795882,
              37.4421785
            ],
            [
              -8.7959195,
              37.4420661
            ],
            [
              -8.7960971,
              37.4417911
            ],
            [
              -8.7962426,
              37.441629
            ],
            [
              -8.7963742,
              37.4414818
            ],
            [
              -8.7965074,
              37.4413341
            ],
            [
              -8.7966129,
              37.4412092
            ],
            [
              -8.7966994,
              37.4410218
            ],
            [
              -8.7967122,
              37.4408898
            ],
            [
              -8.7967256,
              37.4407599
            ],
            [
              -8.7966658,
              37.4405683
            ],
            [
              -8.79669,
              37.4405677
            ],
            [
              -8.7967537,
              37.4406768
            ],
            [
              -8.7969736,
              37.4407902
            ],
            [
              -8.7972399,
              37.4410709
            ],
            [
              -8.797293,
              37.4411756
            ],
            [
              -8.7973392,
              37.4412065
            ],
            [
              -8.7974307,
              37.4412678
            ],
            [
              -8.7976884,
              37.4412987
            ],
            [
              -8.7978412,
              37.4412342
            ],
            [
              -8.7979343,
              37.4411754
            ],
            [
              -8.7978806,
              37.4410438
            ],
            [
              -8.7978847,
              37.4410124
            ],
            [
              -8.7979123,
              37.4409816
            ],
            [
              -8.7980303,
              37.4409568
            ],
            [
              -8.7981211,
              37.4409833
            ],
            [
              -8.7982292,
              37.4410601
            ],
            [
              -8.7983365,
              37.441097
            ],
            [
              -8.7984829,
              37.441069
            ],
            [
              -8.7985888,
              37.4410156
            ],
            [
              -8.7986602,
              37.4410286
            ],
            [
              -8.7987708,
              37.441058
            ],
            [
              -8.7989183,
              37.4410559
            ],
            [
              -8.798988,
              37.4410016
            ],
            [
              -8.7991181,
              37.4409366
            ],
            [
              -8.7991825,
              37.4408909
            ],
            [
              -8.7992227,
              37.4408717
            ],
            [
              -8.799267,
              37.4408248
            ],
            [
              -8.7992737,
              37.4407663
            ],
            [
              -8.799271,
              37.4406875
            ],
            [
              -8.7992375,
              37.440663
            ],
            [
              -8.7991838,
              37.440614
            ],
            [
              -8.7992173,
              37.4405224
            ],
            [
              -8.7992375,
              37.4404064
            ],
            [
              -8.7992375,
              37.4403494
            ],
            [
              -8.7992596,
              37.4403105
            ],
            [
              -8.7992851,
              37.440293
            ],
            [
              -8.7993052,
              37.44031
            ],
            [
              -8.7993307,
              37.4403222
            ],
            [
              -8.7993716,
              37.4403127
            ],
            [
              -8.799385,
              37.440285
            ],
            [
              -8.7994118,
              37.4402786
            ],
            [
              -8.7994538,
              37.4402818
            ],
            [
              -8.7994956,
              37.4403077
            ],
            [
              -8.7995223,
              37.4402884
            ],
            [
              -8.7995928,
              37.4402924
            ],
            [
              -8.7996741,
              37.4402936
            ],
            [
              -8.7996946,
              37.4402442
            ],
            [
              -8.7997191,
              37.4402039
            ],
            [
              -8.7997598,
              37.4402342
            ],
            [
              -8.7997938,
              37.4402663
            ],
            [
              -8.7999255,
              37.4403404
            ],
            [
              -8.7998736,
              37.4403697
            ],
            [
              -8.79987,
              37.4403726
            ],
            [
              -8.7998404,
              37.4403963
            ],
            [
              -8.7997967,
              37.4403553
            ],
            [
              -8.7997672,
              37.4403467
            ],
            [
              -8.799735,
              37.440368
            ],
            [
              -8.799751,
              37.4403933
            ],
            [
              -8.7997601,
              37.440405
            ],
            [
              -8.7997793,
              37.4404149
            ],
            [
              -8.7998034,
              37.4404316
            ],
            [
              -8.7996247,
              37.4406469
            ],
            [
              -8.7989424,
              37.4419458
            ],
            [
              -8.7986209,
              37.4429526
            ],
            [
              -8.7985525,
              37.4431673
            ],
            [
              -8.7984178,
              37.4436398
            ],
            [
              -8.7982112,
              37.4440209
            ]
          ]
        ],
        "type": "Polygon"
      },
      "properties": {
        "access": "yes",
        "alt_name": "Praia de Odeceixe",
        "layer": "beach",
        "name": "Praia de Odeceixe-Mar",
        "natural": "beach",
        "osm_id": 1242990216,
        "osm_type": "way",
        "surface": "sand",
        "wikidata": "Q7237779",
        "wikipedia": "pt:Praia de Odeceixe"
      },
      "type": "Feature"
    },
    {
      "geometry": {
        "coordinates": [
          [
            -8.7919014,
            37.428257
          ],
          [
            -8.7918245,
            37.4279699
          ],
          [
            -8.7916529,
            37.4273736
          ],
          [
            -8.7916278,
            37.4272616
          ]
        ],
        "type": "LineString"
      },
      "properties": {
        "highway": "service",
        "label": "Track",
        "layer": "track",
        "osm_id": 1243039300,
        "osm_type": "way"
      },
      "type": "Feature"
    },
    {
      "geometry": {
        "coordinates": [
          [
            -8.79987,
            37.4403726
          ],
          [
            -8.7998736,
            37.4403697
          ],
          [
            -8.7999255,
            37.4403404
          ],
          [
            -8.8000234,
            37.4404437
          ],
          [
            -8.8001092,
            37.4405139
          ],
          [
            -8.800142,
            37.4405221
          ],
          [
            -8.8001927,
            37.4405172
          ],
          [
            -8.8002105,
            37.4404639
          ],
          [
            -8.8002983,
            37.4404841
          ],
          [
            -8.8003365,
            37.4404676
          ],
          [
            -8.8003499,
            37.4404511
          ],
          [
            -8.8003419,
            37.4404341
          ],
          [
            -8.8003204,
            37.440416
          ],
          [
            -8.800315,
            37.4403797
          ],
          [
            -8.8003097,
            37.440343
          ],
          [
            -8.8002788,
            37.4403137
          ],
          [
            -8.8002607,
            37.4403116
          ],
          [
            -8.8002574,
            37.4402994
          ],
          [
            -8.8002614,
            37.4402866
          ],
          [
            -8.8002755,
            37.440277
          ],
          [
            -8.8002889,
            37.4402637
          ],
          [
            -8.8002889,
            37.4402451
          ],
          [
            -8.8002721,
            37.4402456
          ],
          [
            -8.8002466,
            37.4402557
          ],
          [
            -8.8002359,
            37.4402482
          ],
          [
            -8.8002567,
            37.4402179
          ],
          [
            -8.80025,
            37.4401806
          ],
          [
            -8.8002285,
            37.4401391
          ],
          [
            -8.8001736,
            37.4401119
          ],
          [
            -8.8001286,
            37.4400763
          ],
          [
            -8.8000951,
            37.440031
          ],
          [
            -8.8000683,
            37.4399831
          ],
          [
            -8.8000522,
            37.4399432
          ],
          [
            -8.8000023,
            37.4398549
          ],
          [
            -8.7999935,
            37.4398235
          ],
          [
            -8.8000511,
            37.4398019
          ],
          [
            -8.8001031,
            37.4398692
          ],
          [
            -8.800127,
            37.4399016
          ],
          [
            -8.8001823,
            37.4399341
          ],
          [
            -8.8003858,
            37.4399257
          ],
          [
            -8.8004681,
            37.43989
          ],
          [
            -8.8004877,
            37.4398234
          ],
          [
            -8.8004116,
            37.4397428
          ],
          [
            -8.8003861,
            37.4396781
          ],
          [
            -8.800413,
            37.4396322
          ],
          [
            -8.8004606,
            37.4395385
          ],
          [
            -8.8005686,
            37.4393332
          ],
          [
            -8.8007307,
            37.4391753
          ],
          [
            -8.8008381,
            37.4389604
          ],
          [
            -8.8009788,
            37.4387588
          ],
          [
            -8.8010876,
            37.438729
          ],
          [
            -8.8012977,
            37.438885
          ],
          [
            -8.8013895,
            37.4389423
          ],
          [
            -8.8014924,
            37.4389825
          ],
          [
            -8.8015625,
            37.4390023
          ],
          [
            -8.801628,
            37.4390924
          ],
          [
            -8.801727,
            37.4391143
          ],
          [
            -8.8018169,
            37.4391419
          ],
          [
            -8.8019792,
            37.4391212
          ],
          [
            -8.8021327,
            37.4391181
          ],
          [
            -8.8021749,
            37.4390487
          ],
          [
            -8.8022111,
            37.4389648
          ],
          [
            -8.8022717,
            37.4388049
          ],
          [
            -8.802257,
            37.4387442
          ],
          [
            -8.8021805,
            37.4387085
          ],
          [
            -8.8021669,
            37.4386558
          ],
          [
            -8.8020916,
            37.4386356
          ],
          [
            -8.8020162,
            37.4385527
          ],
          [
            -8.8018847,
            37.4384561
          ],
          [
            -8.801943,
            37.4384615
          ],
          [
            -8.8021029,
            37.4385658
          ],
          [
            -8.8021419,
            37.4385564
          ],
          [
            -8.802145,
            37.438525
          ],
          [
            -8.8021604,
            37.4384976
          ],
          [
            -8.8021651,
            37.4384705
          ],
          [
            -8.8020786,
            37.438429
          ],
          [
            -8.8020365,
            37.4383809
          ],
          [
            -8.8018954,
            37.438327
          ],
          [
            -8.8018936,
            37.4382536
          ],
          [
            -8.8019178,
            37.438162
          ],
          [
            -8.8019493,
            37.4380681
          ],
          [
            -8.8020194,
            37.4380471
          ],
          [
            -8.8020793,
            37.4380291
          ],
          [
            -8.8021981,
            37.4380524
          ],
          [
            -8.8023901,
            37.4381579
          ],
          [
            -8.8024439,
            37.438094
          ],
          [
            -8.8024782,
            37.4379913
          ],
          [
            -8.8024809,
            37.4378075
          ],
          [
            -8.8025111,
            37.4377698
          ],
          [
            -8.8028295,
            37.4375608
          ],
          [
            -8.8029902,
            37.437418
          ],
          [
            -8.8031289,
            37.4373771
          ],
          [
            -8.803243,
            37.4373188
          ],
          [
            -8.8034411,
            37.4373074
          ],
          [
            -8.8034604,
            37.4372882
          ],
          [
            -8.8034692,
            37.4371424
          ],
          [
            -8.8035601,
            37.4370062
          ],
          [
            -8.8036699,
            37.4369698
          ],
          [
            -8.8037384,
            37.436995
          ],
          [
            -8.8042846,
            37.4373493
          ],
          [
            -8.8048007,
            37.4376014
          ],
          [
            -8.8048777,
            37.4376131
          ],
          [
            -8.8050511,
            37.4377135
          ],
          [
            -8.8050881,
            37.4377025
          ],
          [
            -8.8049037,
            37.4374947
          ],
          [
            -8.8048568,
            37.4374072
          ],
          [
            -8.8049845,
            37.4373477
          ],
          [
            -8.8049461,
            37.4372
          ],
          [
            -8.804959,
            37.437129
          ],
          [
            -8.8048933,
            37.4370659
          ],
          [
            -8.8048457,
            37.4369817
          ],
          [
            -8.8047986,
            37.4369577
          ],
          [
            -8.8045733,
            37.4369298
          ],
          [
            -8.8044634,
            37.4368683
          ],
          [
            -8.804207,
            37.4367757
          ],
          [
            -8.8043689,
            37.4367075
          ],
          [
            -8.8042965,
            37.4366639
          ],
          [
            -8.8041461,
            37.4366295
          ],
          [
            -8.8041142,
            37.4366019
          ],
          [
            -8.8040738,
            37.43633
          ],
          [
            -8.8039895,
            37.4362015
          ],
          [
            -8.8039864,
            37.436159
          ],
          [
            -8.8040015,
            37.4361318
          ],
          [
            -8.8042172,
            37.4361022
          ],
          [
            -8.8042215,
            37.4360806
          ],
          [
            -8.8039693,
            37.4359543
          ],
          [
            -8.8039398,
            37.4358944
          ],
          [
            -8.803953,
            37.4358511
          ],
          [
            -8.8040469,
            37.4357506
          ],
          [
            -8.8041012,
            37.4357611
          ],
          [
            -8.8043457,
            37.4357163
          ],
          [
            -8.8045165,
            37.4357912
          ],
          [
            -8.8046313,
            37.435866
          ],
          [
            -8.8047133,
            37.4359526
          ],
          [
            -8.8048312,
            37.4359777
          ],
          [
            -8.8049622,
            37.436047
          ],
          [
            -8.8051063,
            37.4360926
          ],
          [
            -8.8051086,
            37.4360411
          ],
          [
            -8.8051451,
            37.4360345
          ],
          [
            -8.805182,
            37.4360678
          ],
          [
            -8.8052013,
            37.4361242
          ],
          [
            -8.8052352,
            37.4361233
          ],
          [
            -8.8052559,
            37.4360446
          ],
          [
            -8.8052012,
            37.4359076
          ],
          [
            -8.8049606,
            37.4356518
          ],
          [
            -8.8048692,
            37.4355195
          ],
          [
            -8.8048774,
            37.4354884
          ],
          [
            -8.8049424,
            37.4355134
          ],
          [
            -8.8049841,
            37.4354917
          ],
          [
            -8.8049146,
            37.4353171
          ],
          [
            -8.804814,
            37.4348398
          ],
          [
            -8.804854,
            37.4347295
          ],
          [
            -8.8049873,
            37.434663
          ],
          [
            -8.805139,
            37.434455
          ],
          [
            -8.8052825,
            37.4344284
          ],
          [
            -8.8054072,
            37.4345023
          ],
          [
            -8.8054463,
            37.4345721
          ],
          [
            -8.8054489,
            37.4346685
          ],
          [
            -8.8056407,
            37.4349631
          ],
          [
            -8.805748,
            37.4350718
          ],
          [
            -8.8058722,
            37.4350904
          ],
          [
            -8.8059516,
            37.4350749
          ],
          [
            -8.8058615,
            37.4349926
          ],
          [
            -8.8057504,
            37.4348473
          ],
          [
            -8.8056758,
            37.4344923
          ],
          [
            -8.8056063,
            37.434317
          ],
          [
            -8.8056077,
            37.434267
          ],
          [
            -8.8056434,
            37.4342732
          ],
          [
            -8.8056851,
            37.4343809
          ],
          [
            -8.8058199,
            37.4345301
          ],
          [
            -8.80593,
            37.4345594
          ],
          [
            -8.8059691,
            37.4345378
          ],
          [
            -8.8059345,
            37.4344659
          ],
          [
            -8.8056874,
            37.4342004
          ],
          [
            -8.805675,
            37.4340019
          ],
          [
            -8.8056393,
            37.4339071
          ],
          [
            -8.8056388,
            37.433758
          ],
          [
            -8.8056631,
            37.4336843
          ],
          [
            -8.8056934,
            37.4336692
          ],
          [
            -8.8057221,
            37.4336797
          ],
          [
            -8.8057908,
            37.4337728
          ],
          [
            -8.8058436,
            37.4336897
          ],
          [
            -8.8058229,
            37.4336663
          ],
          [
            -8.8057476,
            37.4336438
          ],
          [
            -8.8056506,
            37.4335662
          ],
          [
            -8.8057681,
            37.4333445
          ],
          [
            -8.8057554,
            37.4332258
          ],
          [
            -8.8058119,
            37.4329519
          ],
          [
            -8.8057426,
            37.432791
          ],
          [
            -8.8058275,
            37.4326926
          ],
          [
            -8.8061106,
            37.4326052
          ],
          [
            -8.8061818,
            37.432602
          ],
          [
            -8.8062963,
            37.4326278
          ],
          [
            -8.8063065,
            37.4327106
          ],
          [
            -8.8064093,
            37.4327771
          ],
          [
            -8.8065549,
            37.432687
          ],
          [
            -8.8065764,
            37.4326018
          ],
          [
            -8.806513,
            37.4323992
          ],
          [
            -8.8065958,
            37.4321638
          ],
          [
            -8.8066819,
            37.4321018
          ],
          [
            -8.8068642,
            37.4320298
          ],
          [
            -8.8069454,
            37.4319341
          ],
          [
            -8.8070518,
            37.4318556
          ],
          [
            -8.8070512,
            37.4318256
          ],
          [
            -8.8070197,
            37.4318047
          ],
          [
            -8.8068887,
            37.4318873
          ],
          [
            -8.8067846,
            37.4319179
          ],
          [
            -8.8067532,
            37.4318988
          ],
          [
            -8.8068357,
            37.4315163
          ],
          [
            -8.8069233,
            37.4314167
          ],
          [
            -8.8068968,
            37.4313489
          ],
          [
            -8.8068291,
            37.43127
          ],
          [
            -8.8068297,
            37.4312414
          ],
          [
            -8.8068546,
            37.4312256
          ],
          [
            -8.8069262,
            37.4312466
          ],
          [
            -8.807076,
            37.43133
          ],
          [
            -8.8071315,
            37.4312958
          ],
          [
            -8.8071594,
            37.4312521
          ],
          [
            -8.80722,
            37.4312117
          ],
          [
            -8.8072302,
            37.431171
          ],
          [
            -8.8071768,
            37.4311029
          ],
          [
            -8.8071802,
            37.431078
          ],
          [
            -8.8072608,
            37.4310068
          ],
          [
            -8.8072577,
            37.4309654
          ],
          [
            -8.807229,
            37.4309377
          ],
          [
            -8.8070726,
            37.4308704
          ],
          [
            -8.8069108,
            37.430762
          ],
          [
            -8.8068886,
            37.4307672
          ],
          [
            -8.8068615,
            37.430825
          ],
          [
            -8.8067859,
            37.4308165
          ],
          [
            -8.8068109,
            37.430871
          ],
          [
            -8.8067924,
            37.4308918
          ],
          [
            -8.8066426,
            37.430812
          ],
          [
            -8.8065827,
            37.4307204
          ],
          [
            -8.8065293,
            37.4305496
          ],
          [
            -8.8065258,
            37.4304497
          ],
          [
            -8.8065562,
            37.4303445
          ],
          [
            -8.806683,
            37.4302352
          ],
          [
            -8.8073046,
            37.4298901
          ],
          [
            -8.8074114,
            37.4298516
          ],
          [
            -8.807524,
            37.4298532
          ],
          [
            -8.8075774,
            37.4298372
          ],
          [
            -8.8075524,
            37.4297279
          ],
          [
            -8.8075628,
            37.4296836
          ],
          [
            -8.8077839,
            37.4296223
          ],
          [
            -8.8078723,
            37.4295311
          ],
          [
            -8.807873,
            37.4295025
          ],
          [
            -8.8078451,
            37.4294841
          ],
          [
            -8.8077092,
            37.4294591
          ],
          [
            -8.8077356,
            37.4294175
          ],
          [
            -8.8077936,
            37.4294222
          ],
          [
            -8.8078774,
            37.4294786
          ],
          [
            -8.8080304,
            37.429517
          ],
          [
            -8.8082738,
            37.4296439
          ],
          [
            -8.8085174,
            37.4299039
          ],
          [
            -8.8085579,
            37.4299351
          ],
          [
            -8.8086518,
            37.4299589
          ],
          [
            -8.8087789,
            37.4300817
          ],
          [
            -8.8088396,
            37.4300864
          ],
          [
            -8.8088848,
            37.430055
          ],
          [
            -8.8088358,
            37.4299616
          ],
          [
            -8.8086028,
            37.4297651
          ],
          [
            -8.8086149,
            37.4297257
          ],
          [
            -8.8086584,
            37.4296959
          ],
          [
            -8.8086572,
            37.4296634
          ],
          [
            -8.8083958,
            37.4294849
          ],
          [
            -8.8083777,
            37.4294514
          ],
          [
            -8.8084173,
            37.4294373
          ],
          [
            -8.8085799,
            37.4295024
          ],
          [
            -8.8087694,
            37.4296263
          ],
          [
            -8.8089225,
            37.4297654
          ],
          [
            -8.8089595,
            37.429767
          ],
          [
            -8.8089598,
            37.4297517
          ],
          [
            -8.8083088,
            37.4291643
          ],
          [
            -8.8083262,
            37.4289885
          ],
          [
            -8.8083662,
            37.4289718
          ],
          [
            -8.8086648,
            37.429224
          ],
          [
            -8.8088434,
            37.4294115
          ],
          [
            -8.8088803,
            37.4294292
          ],
          [
            -8.8088799,
            37.4293999
          ],
          [
            -8.8086848,
            37.4291795
          ],
          [
            -8.8085066,
            37.429032
          ],
          [
            -8.8083198,
            37.4288376
          ],
          [
            -8.807903,
            37.4285652
          ],
          [
            -8.8079045,
            37.4285416
          ],
          [
            -8.8079632,
            37.4285105
          ],
          [
            -8.8079133,
            37.4284366
          ],
          [
            -8.8079326,
            37.4283916
          ],
          [
            -8.8079816,
            37.4283762
          ],
          [
            -8.808038,
            37.4283917
          ],
          [
            -8.8080762,
            37.4283708
          ],
          [
            -8.8081889,
            37.4284016
          ],
          [
            -8.8082148,
            37.4283942
          ],
          [
            -8.808211,
            37.4283693
          ],
          [
            -8.8081661,
            37.4283402
          ],
          [
            -8.8080292,
            37.4283053
          ],
          [
            -8.8079442,
            37.4282192
          ],
          [
            -8.807641,
            37.4280674
          ],
          [
            -8.8075909,
            37.4280023
          ],
          [
            -8.807663,
            37.4277677
          ],
          [
            -8.8077141,
            37.427706
          ],
          [
            -8.8077322,
            37.4276259
          ],
          [
            -8.8079346,
            37.4277883
          ],
          [
            -8.8079792,
            37.4277774
          ],
          [
            -8.8079033,
            37.427682
          ],
          [
            -8.8079073,
            37.4276213
          ],
          [
            -8.8077845,
            37.4274986
          ],
          [
            -8.8077219,
            37.4274868
          ],
          [
            -8.8076255,
            37.4275203
          ],
          [
            -8.8073488,
            37.4273239
          ],
          [
            -8.8072802,
            37.4272461
          ],
          [
            -8.8073095,
            37.4271195
          ],
          [
            -8.8072888,
            37.4270024
          ],
          [
            -8.8073733,
            37.4269607
          ],
          [
            -8.8076229,
            37.4271065
          ],
          [
            -8.8077939,
            37.4272497
          ],
          [
            -8.8078688,
            37.4272351
          ],
          [
            -8.8078634,
            37.4271386
          ],
          [
            -8.8077005,
            37.4269218
          ],
          [
            -8.8075995,
            37.4269075
          ],
          [
            -8.8075059,
            37.4268244
          ],
          [
            -8.8073346,
            37.4267418
          ],
          [
            -8.8072598,
            37.4266698
          ],
          [
            -8.8072397,
            37.4266156
          ],
          [
            -8.8072703,
            37.426534
          ],
          [
            -8.8074173,
            37.4263882
          ],
          [
            -8.8074866,
            37.4263492
          ],
          [
            -8.807551,
            37.4263374
          ],
          [
            -8.8076728,
            37.4263682
          ],
          [
            -8.8078407,
            37.4264714
          ],
          [
            -8.8080368,
            37.4265311
          ],
          [
            -8.8081565,
            37.4266304
          ],
          [
            -8.808185,
            37.4266256
          ],
          [
            -8.8081668,
            37.426581
          ],
          [
            -8.8080418,
            37.426498
          ],
          [
            -8.8079754,
            37.4264697
          ],
          [
            -8.8078986,
            37.4264666
          ],
          [
            -8.8077736,
            37.4262701
          ],
          [
            -8.8076112,
            37.4261892
          ],
          [
            -8.8076014,
            37.4261007
          ],
          [
            -8.807669,
            37.4259488
          ],
          [
            -8.8077283,
            37.4258913
          ],
          [
            -8.8077711,
            37.4258853
          ],
          [
            -8.8079203,
            37.4259726
          ],
          [
            -8.8081203,
            37.4261502
          ],
          [
            -8.8082763,
            37.4262129
          ],
          [
            -8.808296,
            37.4263136
          ],
          [
            -8.8083738,
            37.4263332
          ],
          [
            -8.8084421,
            37.4263821
          ],
          [
            -8.8085858,
            37.426562
          ],
          [
            -8.8086504,
            37.4265959
          ],
          [
            -8.8087111,
            37.426692
          ],
          [
            -8.8087657,
            37.4267138
          ],
          [
            -8.8087942,
            37.4266944
          ],
          [
            -8.8087842,
            37.4265837
          ],
          [
            -8.8087077,
            37.426415
          ],
          [
            -8.8086247,
            37.4263148
          ],
          [
            -8.8085034,
            37.4262538
          ],
          [
            -8.8084929,
            37.4262216
          ],
          [
            -8.8084132,
            37.4261711
          ],
          [
            -8.808308,
            37.4260888
          ],
          [
            -8.8083941,
            37.426078
          ],
          [
            -8.8084834,
            37.4260825
          ],
          [
            -8.808493,
            37.4260103
          ],
          [
            -8.8084809,
            37.4259734
          ],
          [
            -8.8085209,
            37.4260008
          ],
          [
            -8.8085432,
            37.4259811
          ],
          [
            -8.8084938,
            37.425888
          ],
          [
            -8.8085815,
            37.4259938
          ],
          [
            -8.8086059,
            37.426006
          ],
          [
            -8.8086237,
            37.4259786
          ],
          [
            -8.8086085,
            37.4259292
          ],
          [
            -8.8084082,
            37.4257543
          ],
          [
            -8.8083249,
            37.425749
          ],
          [
            -8.8082606,
            37.4257981
          ],
          [
            -8.8082324,
            37.4257965
          ],
          [
            -8.8081217,
            37.4255777
          ],
          [
            -8.8079495,
            37.4255231
          ],
          [
            -8.807874,
            37.4254171
          ],
          [
            -8.8078899,
            37.425337
          ],
          [
            -8.8079748,
            37.4252396
          ],
          [
            -8.8080088,
            37.4251525
          ],
          [
            -8.8080588,
            37.4251482
          ],
          [
            -8.8081336,
            37.4252521
          ],
          [
            -8.8082051,
            37.4253004
          ],
          [
            -8.8083227,
            37.4253369
          ],
          [
            -8.8084436,
            37.4254869
          ],
          [
            -8.8085022,
            37.4254761
          ],
          [
            -8.8084887,
            37.4254338
          ],
          [
            -8.8083129,
            37.4253073
          ],
          [
            -8.8082638,
            37.4251536
          ],
          [
            -8.8081304,
            37.4250592
          ],
          [
            -8.8080891,
            37.4249742
          ],
          [
            -8.8079682,
            37.4248265
          ],
          [
            -8.8079774,
            37.4247683
          ],
          [
            -8.8080172,
            37.4246907
          ],
          [
            -8.8080523,
            37.424641
          ],
          [
            -8.8079375,
            37.4245009
          ],
          [
            -8.8079869,
            37.4244015
          ],
          [
            -8.8077773,
            37.424272
          ],
          [
            -8.8074605,
            37.4239429
          ],
          [
            -8.8071969,
            37.423906
          ],
          [
            -8.8070945,
            37.4237554
          ],
          [
            -8.8070907,
            37.4234722
          ],
          [
            -8.8071685,
            37.4234925
          ],
          [
            -8.8072291,
            37.4235028
          ],
          [
            -8.8072388,
            37.4233575
          ],
          [
            -8.8071247,
            37.4232937
          ],
          [
            -8.8070715,
            37.4231542
          ],
          [
            -8.8069469,
            37.4229569
          ],
          [
            -8.8069702,
            37.4228131
          ],
          [
            -8.807049,
            37.4225285
          ],
          [
            -8.8072304,
            37.4223536
          ],
          [
            -8.8072791,
            37.4221969
          ],
          [
            -8.8073337,
            37.4221991
          ],
          [
            -8.8074131,
            37.4222062
          ],
          [
            -8.807452,
            37.4222235
          ],
          [
            -8.8075726,
            37.4223027
          ],
          [
            -8.807624,
            37.4223353
          ],
          [
            -8.8075734,
            37.4222047
          ],
          [
            -8.8076958,
            37.4221201
          ],
          [
            -8.8078285,
            37.4221411
          ],
          [
            -8.8081182,
            37.4219793
          ],
          [
            -8.8081458,
            37.4219125
          ],
          [
            -8.8081634,
            37.4216895
          ],
          [
            -8.8082573,
            37.4217475
          ],
          [
            -8.8083274,
            37.4217233
          ],
          [
            -8.80812,
            37.4215421
          ],
          [
            -8.8080808,
            37.4214675
          ],
          [
            -8.8081161,
            37.4214462
          ],
          [
            -8.8081116,
            37.4214245
          ],
          [
            -8.8080346,
            37.4213237
          ],
          [
            -8.8080307,
            37.4212017
          ],
          [
            -8.8080575,
            37.4211366
          ],
          [
            -8.8080918,
            37.4211362
          ],
          [
            -8.8081106,
            37.4210669
          ],
          [
            -8.808089,
            37.4210102
          ],
          [
            -8.8080993,
            37.4209435
          ],
          [
            -8.8080461,
            37.4208297
          ],
          [
            -8.8080464,
            37.4207811
          ],
          [
            -8.8080578,
            37.4207636
          ],
          [
            -8.8080782,
            37.4207699
          ],
          [
            -8.8081881,
            37.4208736
          ],
          [
            -8.8082165,
            37.4208519
          ],
          [
            -8.8082119,
            37.4208166
          ],
          [
            -8.8080793,
            37.4206576
          ],
          [
            -8.8081033,
            37.4206195
          ],
          [
            -8.8082511,
            37.420645
          ],
          [
            -8.8083637,
            37.4206891
          ],
          [
            -8.8083966,
            37.4206749
          ],
          [
            -8.8081242,
            37.420351
          ],
          [
            -8.8081067,
            37.4202451
          ],
          [
            -8.8080691,
            37.4201731
          ],
          [
            -8.807917,
            37.4200217
          ],
          [
            -8.8078844,
            37.4199396
          ],
          [
            -8.8080644,
            37.4198958
          ],
          [
            -8.8083575,
            37.4199659
          ],
          [
            -8.8086155,
            37.4199995
          ],
          [
            -8.808569,
            37.4198986
          ],
          [
            -8.8083775,
            37.4198223
          ],
          [
            -8.8084297,
            37.4198037
          ],
          [
            -8.8085539,
            37.4198063
          ],
          [
            -8.80853,
            37.4197644
          ],
          [
            -8.8084262,
            37.4196735
          ],
          [
            -8.8082041,
            37.4195887
          ],
          [
            -8.8080512,
            37.4195231
          ],
          [
            -8.8079505,
            37.4193591
          ],
          [
            -8.807859,
            37.4193531
          ],
          [
            -8.8077909,
            37.4192233
          ],
          [
            -8.8076591,
            37.4191146
          ],
          [
            -8.8075561,
            37.4190385
          ],
          [
            -8.8075032,
            37.4189847
          ],
          [
            -8.8074737,
            37.4189493
          ],
          [
            -8.8072444,
            37.4188857
          ],
          [
            -8.8071782,
            37.4188178
          ],
          [
            -8.8071615,
            37.4187809
          ],
          [
            -8.807124,
            37.418702
          ],
          [
            -8.8070822,
            37.4186208
          ],
          [
            -8.8070422,
            37.4185321
          ],
          [
            -8.8070337,
            37.4184421
          ],
          [
            -8.8071098,
            37.4182719
          ],
          [
            -8.807191,
            37.4182316
          ],
          [
            -8.8072345,
            37.4181174
          ],
          [
            -8.8073134,
            37.4180583
          ],
          [
            -8.8074036,
            37.4180359
          ],
          [
            -8.8075322,
            37.4178644
          ],
          [
            -8.8076872,
            37.4178142
          ],
          [
            -8.8080769,
            37.417889
          ],
          [
            -8.8081163,
            37.4180247
          ],
          [
            -8.8082122,
            37.4180897
          ],
          [
            -8.8083819,
            37.4181667
          ],
          [
            -8.8084473,
            37.4181483
          ],
          [
            -8.8083267,
            37.4180511
          ],
          [
            -8.8083492,
            37.4180238
          ],
          [
            -8.8084112,
            37.4180368
          ],
          [
            -8.8085065,
            37.4181
          ],
          [
            -8.8085759,
            37.4181613
          ],
          [
            -8.8087738,
            37.4182361
          ],
          [
            -8.8088043,
            37.4182639
          ],
          [
            -8.8089232,
            37.4182872
          ],
          [
            -8.8090442,
            37.4183222
          ],
          [
            -8.8091502,
            37.418333
          ],
          [
            -8.8092065,
            37.4183454
          ],
          [
            -8.8092297,
            37.4182986
          ],
          [
            -8.8091077,
            37.4182269
          ],
          [
            -8.8090397,
            37.4181873
          ],
          [
            -8.8089533,
            37.4181652
          ],
          [
            -8.8089089,
            37.4181216
          ],
          [
            -8.8088768,
            37.4181121
          ],
          [
            -8.8088165,
            37.4180834
          ],
          [
            -8.8087073,
            37.4180229
          ],
          [
            -8.8088003,
            37.4179271
          ],
          [
            -8.8088708,
            37.4178411
          ],
          [
            -8.8088099,
            37.4178107
          ],
          [
            -8.8087491,
            37.4177224
          ],
          [
            -8.8088494,
            37.4176674
          ],
          [
            -8.8090242,
            37.4177403
          ],
          [
            -8.8091071,
            37.4176295
          ],
          [
            -8.8091488,
            37.417564
          ],
          [
            -8.8088184,
            37.4173586
          ],
          [
            -8.808709,
            37.4172862
          ],
          [
            -8.8087329,
            37.4172159
          ],
          [
            -8.8086548,
            37.4171291
          ],
          [
            -8.8087045,
            37.4170973
          ],
          [
            -8.8086182,
            37.4170086
          ],
          [
            -8.8087807,
            37.4170262
          ],
          [
            -8.8087789,
            37.4169468
          ],
          [
            -8.8086726,
            37.4168929
          ],
          [
            -8.8085669,
            37.4168491
          ],
          [
            -8.8084163,
            37.4167757
          ],
          [
            -8.8084507,
            37.4167641
          ],
          [
            -8.8085934,
            37.4168106
          ],
          [
            -8.8086937,
            37.4168277
          ],
          [
            -8.8086878,
            37.4167415
          ],
          [
            -8.8088555,
            37.4167888
          ],
          [
            -8.8089808,
            37.4168115
          ],
          [
            -8.809073,
            37.4168671
          ],
          [
            -8.809088,
            37.4168417
          ],
          [
            -8.8090936,
            37.4167256
          ],
          [
            -8.8091278,
            37.4167074
          ],
          [
            -8.8092726,
            37.416772
          ],
          [
            -8.8092888,
            37.4167448
          ],
          [
            -8.809302,
            37.4167119
          ],
          [
            -8.8091578,
            37.4165499
          ],
          [
            -8.8090534,
            37.4164684
          ],
          [
            -8.8090271,
            37.4163934
          ],
          [
            -8.8091621,
            37.4163891
          ],
          [
            -8.8092361,
            37.4164612
          ],
          [
            -8.8093051,
            37.4164846
          ],
          [
            -8.8093997,
            37.4164846
          ],
          [
            -8.8094694,
            37.4164447
          ],
          [
            -8.8093165,
            37.416402
          ],
          [
            -8.8092573,
            37.4163655
          ],
          [
            -8.8092535,
            37.4162898
          ],
          [
            -8.8091912,
            37.4162388
          ],
          [
            -8.8090186,
            37.4161489
          ],
          [
            -8.8088665,
            37.4160417
          ],
          [
            -8.8086767,
            37.4159722
          ],
          [
            -8.8086331,
            37.4159123
          ],
          [
            -8.8085526,
            37.4158932
          ],
          [
            -8.8083716,
            37.4155891
          ],
          [
            -8.8080054,
            37.4153765
          ],
          [
            -8.8079663,
            37.41534
          ],
          [
            -8.8079347,
            37.4152887
          ],
          [
            -8.807997,
            37.4150246
          ],
          [
            -8.8080732,
            37.4150763
          ],
          [
            -8.8081281,
            37.4150582
          ],
          [
            -8.8082263,
            37.4150153
          ],
          [
            -8.8082732,
            37.4149337
          ],
          [
            -8.8084173,
            37.41498
          ],
          [
            -8.8085239,
            37.4150205
          ],
          [
            -8.8085154,
            37.4149522
          ],
          [
            -8.8085805,
            37.4149354
          ],
          [
            -8.8085361,
            37.4148369
          ],
          [
            -8.8083287,
            37.4146084
          ],
          [
            -8.8082137,
            37.414437
          ],
          [
            -8.808318,
            37.4143731
          ],
          [
            -8.8083708,
            37.4142907
          ],
          [
            -8.8084156,
            37.4142485
          ],
          [
            -8.8084708,
            37.4142628
          ],
          [
            -8.8085544,
            37.4143035
          ],
          [
            -8.8085921,
            37.414314
          ],
          [
            -8.8086167,
            37.4143023
          ],
          [
            -8.8086224,
            37.414267
          ],
          [
            -8.808566,
            37.4142349
          ],
          [
            -8.8085086,
            37.4141864
          ],
          [
            -8.8085038,
            37.4141411
          ],
          [
            -8.8085406,
            37.4140815
          ],
          [
            -8.8085458,
            37.4139862
          ],
          [
            -8.8085172,
            37.4137999
          ],
          [
            -8.8084415,
            37.4136746
          ],
          [
            -8.808572,
            37.4136476
          ],
          [
            -8.8085919,
            37.4136702
          ],
          [
            -8.8086579,
            37.4136256
          ],
          [
            -8.8086478,
            37.413576
          ],
          [
            -8.8087445,
            37.4135373
          ],
          [
            -8.8087569,
            37.4135489
          ],
          [
            -8.8087967,
            37.4135267
          ],
          [
            -8.8087981,
            37.4134981
          ],
          [
            -8.8089288,
            37.4134287
          ],
          [
            -8.8089389,
            37.4133821
          ],
          [
            -8.8089328,
            37.4133346
          ],
          [
            -8.8089257,
            37.4132036
          ],
          [
            -8.8090344,
            37.413136
          ],
          [
            -8.8092003,
            37.4130454
          ],
          [
            -8.8093338,
            37.4127632
          ],
          [
            -8.8094975,
            37.4125988
          ],
          [
            -8.8094833,
            37.4124556
          ],
          [
            -8.8098583,
            37.412224
          ],
          [
            -8.8099669,
            37.412082
          ],
          [
            -8.8101113,
            37.4119742
          ],
          [
            -8.8103148,
            37.4116873
          ],
          [
            -8.8106098,
            37.4113163
          ],
          [
            -8.8109003,
            37.4111555
          ],
          [
            -8.8109606,
            37.411069
          ],
          [
            -8.8110295,
            37.4108999
          ],
          [
            -8.8111138,
            37.4108977
          ],
          [
            -8.8111101,
            37.4108689
          ],
          [
            -8.8110963,
            37.4108374
          ],
          [
            -8.8110288,
            37.410854
          ],
          [
            -8.8110151,
            37.4108424
          ],
          [
            -8.8109271,
            37.4107178
          ],
          [
            -8.8109481,
            37.4105979
          ],
          [
            -8.8110072,
            37.410457
          ],
          [
            -8.8110365,
            37.4103965
          ],
          [
            -8.8110852,
            37.4103663
          ],
          [
            -8.8111799,
            37.4103604
          ],
          [
            -8.8112426,
            37.4104011
          ],
          [
            -8.8112846,
            37.4104774
          ],
          [
            -8.8113627,
            37.4105147
          ],
          [
            -8.8113912,
            37.4104806
          ],
          [
            -8.8114241,
            37.4104886
          ],
          [
            -8.8113902,
            37.4104411
          ],
          [
            -8.8114614,
            37.4104563
          ],
          [
            -8.8114113,
            37.4103841
          ],
          [
            -8.8112934,
            37.410292
          ],
          [
            -8.8113466,
            37.4102315
          ],
          [
            -8.8113304,
            37.4102024
          ],
          [
            -8.8112527,
            37.4101092
          ],
          [
            -8.81126,
            37.4100793
          ],
          [
            -8.8112444,
            37.4100231
          ],
          [
            -8.811134,
            37.4100353
          ],
          [
            -8.8110968,
            37.4099341
          ],
          [
            -8.8110719,
            37.4099006
          ],
          [
            -8.8111351,
            37.4098255
          ],
          [
            -8.8111849,
            37.4097395
          ],
          [
            -8.8112752,
            37.4096689
          ],
          [
            -8.8113087,
            37.4097072
          ],
          [
            -8.8113919,
            37.4096854
          ],
          [
            -8.8114963,
            37.4095992
          ],
          [
            -8.811581,
            37.4095336
          ],
          [
            -8.811709,
            37.4095156
          ],
          [
            -8.8117687,
            37.4095682
          ],
          [
            -8.8118757,
            37.4095802
          ],
          [
            -8.8119084,
            37.4095595
          ],
          [
            -8.8119089,
            37.409518
          ],
          [
            -8.8118194,
            37.4094895
          ],
          [
            -8.81178,
            37.4094435
          ],
          [
            -8.8118497,
            37.4094217
          ],
          [
            -8.8118722,
            37.4093877
          ],
          [
            -8.81184,
            37.4093431
          ],
          [
            -8.8118074,
            37.4093077
          ],
          [
            -8.8117208,
            37.4093435
          ],
          [
            -8.8117447,
            37.4092993
          ],
          [
            -8.8117386,
            37.4092669
          ],
          [
            -8.8117083,
            37.4092052
          ],
          [
            -8.8116059,
            37.4091849
          ],
          [
            -8.8115455,
            37.4091665
          ],
          [
            -8.8115212,
            37.4091111
          ],
          [
            -8.8115233,
            37.4090164
          ],
          [
            -8.8115402,
            37.4089192
          ],
          [
            -8.8116245,
            37.4087713
          ],
          [
            -8.8116883,
            37.4087138
          ],
          [
            -8.8117204,
            37.4086527
          ],
          [
            -8.8117873,
            37.4086015
          ],
          [
            -8.8117929,
            37.4085868
          ],
          [
            -8.8117592,
            37.4085554
          ],
          [
            -8.811717,
            37.408554
          ],
          [
            -8.8117296,
            37.4085378
          ],
          [
            -8.8117161,
            37.4085077
          ],
          [
            -8.8116961,
            37.408513
          ],
          [
            -8.8116532,
            37.4085239
          ],
          [
            -8.8116675,
            37.4085087
          ],
          [
            -8.8116824,
            37.4085058
          ],
          [
            -8.8117066,
            37.4084923
          ],
          [
            -8.8117028,
            37.4084623
          ],
          [
            -8.8116257,
            37.408454
          ],
          [
            -8.8116456,
            37.4084459
          ],
          [
            -8.8116286,
            37.408432
          ],
          [
            -8.8116502,
            37.4084345
          ],
          [
            -8.8116653,
            37.4084286
          ],
          [
            -8.8116831,
            37.4084339
          ],
          [
            -8.8117059,
            37.4084252
          ],
          [
            -8.81175,
            37.4084087
          ],
          [
            -8.8117754,
            37.4083708
          ],
          [
            -8.8117334,
            37.4083594
          ],
          [
            -8.8117456,
            37.4083191
          ],
          [
            -8.8117285,
            37.4080819
          ],
          [
            -8.8118247,
            37.4077414
          ],
          [
            -8.811907,
            37.407593
          ],
          [
            -8.8119813,
            37.4075221
          ],
          [
            -8.8119926,
            37.4074161
          ],
          [
            -8.8119431,
            37.4073407
          ],
          [
            -8.8119873,
            37.4071894
          ],
          [
            -8.8120631,
            37.4070355
          ],
          [
            -8.8121261,
            37.4068535
          ],
          [
            -8.8122038,
            37.4066954
          ],
          [
            -8.8122819,
            37.4065954
          ],
          [
            -8.8125132,
            37.406439
          ],
          [
            -8.8125848,
            37.4064155
          ],
          [
            -8.8126158,
            37.4063983
          ],
          [
            -8.8127016,
            37.4063324
          ],
          [
            -8.8127317,
            37.4063047
          ],
          [
            -8.8127243,
            37.4062461
          ],
          [
            -8.8127591,
            37.4062245
          ],
          [
            -8.8128322,
            37.406179
          ],
          [
            -8.8129583,
            37.4062056
          ],
          [
            -8.8130857,
            37.4062216
          ],
          [
            -8.8132225,
            37.4062328
          ],
          [
            -8.8133861,
            37.4063127
          ],
          [
            -8.813476,
            37.4064166
          ],
          [
            -8.8136765,
            37.4065023
          ],
          [
            -8.8138052,
            37.4065545
          ],
          [
            -8.8139541,
            37.4065194
          ],
          [
            -8.8140593,
            37.4065155
          ],
          [
            -8.8140882,
            37.4063974
          ],
          [
            -8.8141476,
            37.4064865
          ],
          [
            -8.8141794,
            37.4064704
          ],
          [
            -8.8141542,
            37.406279
          ],
          [
            -8.8141465,
            37.4061993
          ],
          [
            -8.8140848,
            37.4061646
          ],
          [
            -8.8141491,
            37.406078
          ],
          [
            -8.8141727,
            37.4059723
          ],
          [
            -8.8142216,
            37.4060102
          ],
          [
            -8.8142806,
            37.4059878
          ],
          [
            -8.8142384,
            37.4058997
          ],
          [
            -8.8143146,
            37.4058139
          ],
          [
            -8.814349,
            37.4057115
          ],
          [
            -8.8145253,
            37.4057867
          ],
          [
            -8.8145938,
            37.4057888
          ],
          [
            -8.8146917,
            37.405783
          ],
          [
            -8.8147005,
            37.4057553
          ],
          [
            -8.8146591,
            37.4057189
          ],
          [
            -8.814474,
            37.4057193
          ],
          [
            -8.8144392,
            37.4057257
          ],
          [
            -8.8144107,
            37.4056863
          ],
          [
            -8.8145214,
            37.4056741
          ],
          [
            -8.814581,
            37.4055899
          ],
          [
            -8.8145939,
            37.4055264
          ],
          [
            -8.814533,
            37.4053323
          ],
          [
            -8.8145042,
            37.4051944
          ],
          [
            -8.814634,
            37.4050791
          ],
          [
            -8.8146991,
            37.4051973
          ],
          [
            -8.8147701,
            37.4051638
          ],
          [
            -8.81474,
            37.4050999
          ],
          [
            -8.8147534,
            37.4049981
          ],
          [
            -8.8147953,
            37.404937
          ],
          [
            -8.8148526,
            37.4048133
          ],
          [
            -8.8149255,
            37.4047549
          ],
          [
            -8.8150204,
            37.4048421
          ],
          [
            -8.8150196,
            37.4047871
          ],
          [
            -8.815073,
            37.4047762
          ],
          [
            -8.8150261,
            37.404632
          ],
          [
            -8.8150283,
            37.4046022
          ],
          [
            -8.8150189,
            37.4045651
          ],
          [
            -8.8150081,
            37.4045252
          ],
          [
            -8.8148962,
            37.4045016
          ],
          [
            -8.814885,
            37.4043909
          ],
          [
            -8.8149245,
            37.4042861
          ],
          [
            -8.8149936,
            37.4041507
          ],
          [
            -8.8150893,
            37.4040397
          ],
          [
            -8.8153102,
            37.4039085
          ],
          [
            -8.8154822,
            37.4038166
          ],
          [
            -8.8155254,
            37.4036464
          ],
          [
            -8.8155886,
            37.4034806
          ],
          [
            -8.8156523,
            37.4033361
          ],
          [
            -8.8157318,
            37.4032347
          ],
          [
            -8.8157671,
            37.4031655
          ],
          [
            -8.8158492,
            37.4031233
          ],
          [
            -8.8159966,
            37.4031349
          ],
          [
            -8.8160555,
            37.4030598
          ],
          [
            -8.8160634,
            37.4029984
          ],
          [
            -8.8160239,
            37.4029304
          ],
          [
            -8.8158168,
            37.4028355
          ],
          [
            -8.8157495,
            37.4028253
          ],
          [
            -8.8157243,
            37.4027762
          ],
          [
            -8.8157362,
            37.402687
          ],
          [
            -8.8158029,
            37.4026799
          ],
          [
            -8.8159049,
            37.4027506
          ],
          [
            -8.8159244,
            37.4027197
          ],
          [
            -8.8159022,
            37.4026937
          ],
          [
            -8.8157942,
            37.4026188
          ],
          [
            -8.8158247,
            37.4025641
          ],
          [
            -8.8156971,
            37.4024718
          ],
          [
            -8.8156242,
            37.4021706
          ],
          [
            -8.8157151,
            37.4021554
          ],
          [
            -8.8156468,
            37.4019233
          ],
          [
            -8.8154151,
            37.4016262
          ],
          [
            -8.815337,
            37.4012922
          ],
          [
            -8.8154245,
            37.4009918
          ],
          [
            -8.8155524,
            37.4008233
          ],
          [
            -8.8156931,
            37.4008461
          ],
          [
            -8.8158068,
            37.4008648
          ],
          [
            -8.8160118,
            37.4009782
          ],
          [
            -8.8161736,
            37.4010441
          ],
          [
            -8.8163463,
            37.4010746
          ],
          [
            -8.816388,
            37.4010644
          ],
          [
            -8.816347,
            37.4010285
          ],
          [
            -8.8161686,
            37.4009926
          ],
          [
            -8.8161232,
            37.4009649
          ],
          [
            -8.816157,
            37.4008357
          ],
          [
            -8.8162253,
            37.4007811
          ],
          [
            -8.8161277,
            37.4007128
          ],
          [
            -8.8161281,
            37.4006361
          ],
          [
            -8.8159793,
            37.4006459
          ],
          [
            -8.815912,
            37.4005456
          ],
          [
            -8.8158792,
            37.400535
          ],
          [
            -8.8158602,
            37.4005558
          ],
          [
            -8.8158857,
            37.4006359
          ],
          [
            -8.8158261,
            37.4006481
          ],
          [
            -8.8157623,
            37.4005708
          ],
          [
            -8.8157214,
            37.4004289
          ],
          [
            -8.8157403,
            37.4003917
          ],
          [
            -8.8158042,
            37.4003471
          ],
          [
            -8.8159031,
            37.4003056
          ],
          [
            -8.8159677,
            37.4002204
          ],
          [
            -8.8161696,
            37.40023
          ],
          [
            -8.8162911,
            37.4002034
          ],
          [
            -8.8162875,
            37.4001871
          ],
          [
            -8.8160418,
            37.4000631
          ],
          [
            -8.8159711,
            37.3999787
          ],
          [
            -8.8159754,
            37.399948
          ],
          [
            -8.8160972,
            37.3999545
          ],
          [
            -8.8161139,
            37.39993
          ],
          [
            -8.816029,
            37.3998944
          ],
          [
            -8.8158805,
            37.399835
          ],
          [
            -8.8157575,
            37.3997846
          ],
          [
            -8.8157901,
            37.3995365
          ],
          [
            -8.8158981,
            37.3993414
          ],
          [
            -8.8159553,
            37.399195
          ],
          [
            -8.8161162,
            37.3988754
          ],
          [
            -8.8163386,
            37.398509
          ],
          [
            -8.8164038,
            37.3984402
          ],
          [
            -8.8163859,
            37.3982826
          ],
          [
            -8.8163933,
            37.3980363
          ],
          [
            -8.8164918,
            37.3978539
          ],
          [
            -8.8166637,
            37.3976279
          ],
          [
            -8.8167873,
            37.3974121
          ],
          [
            -8.8170245,
            37.3971096
          ],
          [
            -8.8175041,
            37.3968522
          ],
          [
            -8.8176823,
            37.3967433
          ],
          [
            -8.8177689,
            37.3967896
          ],
          [
            -8.8178812,
            37.3968246
          ],
          [
            -8.8179306,
            37.3968072
          ],
          [
            -8.8179718,
            37.39676
          ],
          [
            -8.8179193,
            37.3966815
          ],
          [
            -8.8180932,
            37.3967066
          ],
          [
            -8.8180851,
            37.3966805
          ],
          [
            -8.8179419,
            37.3965568
          ],
          [
            -8.8179721,
            37.3965385
          ],
          [
            -8.8181326,
            37.3965791
          ],
          [
            -8.8181852,
            37.3965382
          ],
          [
            -8.8181991,
            37.3964899
          ],
          [
            -8.8180709,
            37.3963856
          ],
          [
            -8.818035,
            37.3963175
          ],
          [
            -8.8180522,
            37.396287
          ],
          [
            -8.8180806,
            37.396231
          ],
          [
            -8.818264,
            37.396034
          ],
          [
            -8.81827,
            37.395939
          ],
          [
            -8.8182559,
            37.3957433
          ],
          [
            -8.8181844,
            37.395584
          ],
          [
            -8.8183975,
            37.3951176
          ],
          [
            -8.81851,
            37.3949662
          ],
          [
            -8.8186643,
            37.3948308
          ],
          [
            -8.8188022,
            37.3946198
          ],
          [
            -8.8188961,
            37.3945255
          ],
          [
            -8.819021,
            37.3944357
          ],
          [
            -8.8190737,
            37.3943924
          ],
          [
            -8.8191229,
            37.3943519
          ],
          [
            -8.819217,
            37.3942249
          ],
          [
            -8.8193842,
            37.3940914
          ],
          [
            -8.8198077,
            37.3935279
          ],
          [
            -8.8199728,
            37.3933634
          ],
          [
            -8.8201128,
            37.3931444
          ],
          [
            -8.8200929,
            37.3929405
          ],
          [
            -8.8199109,
            37.3928538
          ],
          [
            -8.8199213,
            37.3926798
          ],
          [
            -8.820027,
            37.392504
          ],
          [
            -8.8200863,
            37.3922654
          ],
          [
            -8.8203364,
            37.3920768
          ],
          [
            -8.8205912,
            37.3918841
          ],
          [
            -8.8207928,
            37.3916986
          ],
          [
            -8.8213666,
            37.3914999
          ],
          [
            -8.8216076,
            37.3912161
          ],
          [
            -8.8219513,
            37.3909817
          ],
          [
            -8.8221021,
            37.3908184
          ],
          [
            -8.822114,
            37.3907705
          ],
          [
            -8.8220849,
            37.3906712
          ],
          [
            -8.8219582,
            37.3906259
          ],
          [
            -8.8217639,
            37.3905458
          ],
          [
            -8.8217625,
            37.3904101
          ],
          [
            -8.8218478,
            37.3902449
          ],
          [
            -8.8220729,
            37.3901257
          ],
          [
            -8.8225064,
            37.3899318
          ],
          [
            -8.8225798,
            37.3898438
          ],
          [
            -8.8226204,
            37.389719
          ],
          [
            -8.8225595,
            37.389475
          ],
          [
            -8.8223545,
            37.3891432
          ],
          [
            -8.8220976,
            37.3890735
          ],
          [
            -8.8221273,
            37.3888844
          ],
          [
            -8.8223202,
            37.388786
          ],
          [
            -8.8226142,
            37.3889281
          ],
          [
            -8.8227124,
            37.3888075
          ],
          [
            -8.8227456,
            37.3887323
          ],
          [
            -8.8225899,
            37.3886084
          ],
          [
            -8.8226702,
            37.3885043
          ],
          [
            -8.822927,
            37.388361
          ],
          [
            -8.8229649,
            37.3883221
          ],
          [
            -8.8228414,
            37.3878873
          ],
          [
            -8.8231925,
            37.3875713
          ],
          [
            -8.823234,
            37.3873075
          ],
          [
            -8.8234472,
            37.3870922
          ],
          [
            -8.8234254,
            37.3869141
          ],
          [
            -8.8233079,
            37.3868665
          ],
          [
            -8.8230875,
            37.3867086
          ],
          [
            -8.8229856,
            37.3863178
          ],
          [
            -8.8231606,
            37.3859464
          ],
          [
            -8.8236163,
            37.3853782
          ],
          [
            -8.8237521,
            37.3852089
          ],
          [
            -8.8241353,
            37.3848076
          ],
          [
            -8.8245917,
            37.3842901
          ],
          [
            -8.8251255,
            37.3836107
          ],
          [
            -8.8255642,
            37.3830553
          ],
          [
            -8.8256976,
            37.3829096
          ],
          [
            -8.8260381,
            37.3825374
          ],
          [
            -8.8265662,
            37.3823077
          ],
          [
            -8.826996,
            37.3823458
          ],
          [
            -8.8273821,
            37.3823122
          ],
          [
            -8.8277455,
            37.3823759
          ],
          [
            -8.8279355,
            37.3823359
          ],
          [
            -8.8280321,
            37.3822875
          ],
          [
            -8.8280353,
            37.3822668
          ],
          [
            -8.8279824,
            37.3822156
          ],
          [
            -8.8279947,
            37.3821578
          ],
          [
            -8.8277738,
            37.38204
          ],
          [
            -8.8274136,
            37.3819472
          ],
          [
            -8.8271225,
            37.3819281
          ],
          [
            -8.8270105,
            37.381872
          ],
          [
            -8.826948,
            37.3818659
          ],
          [
            -8.8268864,
            37.3818598
          ],
          [
            -8.8267907,
            37.3814721
          ],
          [
            -8.8269007,
            37.3811958
          ],
          [
            -8.8270331,
            37.3807396
          ],
          [
            -8.8271464,
            37.3804937
          ],
          [
            -8.8273377,
            37.3802263
          ],
          [
            -8.8275562,
            37.3801693
          ],
          [
            -8.827746,
            37.3800692
          ],
          [
            -8.8278577,
            37.3800812
          ],
          [
            -8.8279183,
            37.3800451
          ],
          [
            -8.8278353,
            37.3799659
          ],
          [
            -8.82799,
            37.379931
          ],
          [
            -8.8280012,
            37.3800292
          ],
          [
            -8.8280841,
            37.3800945
          ],
          [
            -8.8283584,
            37.3799792
          ],
          [
            -8.8284286,
            37.3799209
          ],
          [
            -8.8283576,
            37.379848
          ],
          [
            -8.8283242,
            37.3797485
          ],
          [
            -8.828173,
            37.3797468
          ],
          [
            -8.8280985,
            37.379746
          ],
          [
            -8.8280746,
            37.3796294
          ],
          [
            -8.8280969,
            37.3794456
          ],
          [
            -8.8282005,
            37.3794355
          ],
          [
            -8.8283026,
            37.3794025
          ],
          [
            -8.8285227,
            37.3794102
          ],
          [
            -8.8288337,
            37.3793949
          ],
          [
            -8.8288409,
            37.3793107
          ],
          [
            -8.8288249,
            37.379234
          ],
          [
            -8.8289501,
            37.3792454
          ],
          [
            -8.8289372,
            37.3790762
          ],
          [
            -8.8289132,
            37.3790311
          ],
          [
            -8.8287854,
            37.3789845
          ],
          [
            -8.8288692,
            37.3788111
          ],
          [
            -8.8289765,
            37.3788228
          ],
          [
            -8.8289748,
            37.3789193
          ],
          [
            -8.8291569,
            37.3790043
          ],
          [
            -8.8292648,
            37.3789401
          ],
          [
            -8.8292769,
            37.3789816
          ],
          [
            -8.8293962,
            37.3789635
          ],
          [
            -8.8293651,
            37.3788545
          ],
          [
            -8.8295645,
            37.3787344
          ],
          [
            -8.8296524,
            37.3786262
          ],
          [
            -8.8296805,
            37.3785879
          ],
          [
            -8.8296302,
            37.3785623
          ],
          [
            -8.8295203,
            37.3786022
          ],
          [
            -8.8294351,
            37.378501
          ],
          [
            -8.8293164,
            37.3784083
          ],
          [
            -8.8292165,
            37.3782975
          ],
          [
            -8.8292212,
            37.3781749
          ],
          [
            -8.8293225,
            37.3780044
          ],
          [
            -8.8293612,
            37.3779724
          ],
          [
            -8.8294398,
            37.3780168
          ],
          [
            -8.829546,
            37.3780389
          ],
          [
            -8.8295765,
            37.3779966
          ],
          [
            -8.8294519,
            37.377907
          ],
          [
            -8.8293211,
            37.3778727
          ],
          [
            -8.8293419,
            37.3778078
          ],
          [
            -8.8293686,
            37.377751
          ],
          [
            -8.829372,
            37.3777128
          ],
          [
            -8.8293872,
            37.377643
          ],
          [
            -8.8294204,
            37.377536
          ],
          [
            -8.829392,
            37.3775139
          ],
          [
            -8.8294362,
            37.3773423
          ],
          [
            -8.8294581,
            37.3772584
          ],
          [
            -8.829537,
            37.3772194
          ],
          [
            -8.8296178,
            37.3770966
          ],
          [
            -8.829669,
            37.3770581
          ],
          [
            -8.8296622,
            37.3770138
          ],
          [
            -8.8297451,
            37.3769696
          ],
          [
            -8.829705,
            37.3769461
          ],
          [
            -8.829906,
            37.376804
          ],
          [
            -8.8300804,
            37.3767211
          ],
          [
            -8.8301542,
            37.3766809
          ],
          [
            -8.8303193,
            37.3765529
          ],
          [
            -8.8305322,
            37.3764294
          ],
          [
            -8.8307252,
            37.3763032
          ],
          [
            -8.8308584,
            37.3762589
          ],
          [
            -8.8309349,
            37.3763558
          ],
          [
            -8.8309644,
            37.3763463
          ],
          [
            -8.8310107,
            37.376302
          ],
          [
            -8.8310011,
            37.3761968
          ],
          [
            -8.8311096,
            37.3762063
          ],
          [
            -8.8311223,
            37.3761556
          ],
          [
            -8.8312467,
            37.3761277
          ],
          [
            -8.8314509,
            37.3761569
          ],
          [
            -8.8317491,
            37.3762202
          ],
          [
            -8.8318241,
            37.3763964
          ],
          [
            -8.8317587,
            37.3765206
          ],
          [
            -8.8319373,
            37.3765599
          ],
          [
            -8.8325194,
            37.3765852
          ],
          [
            -8.8326151,
            37.3766233
          ],
          [
            -8.8326996,
            37.3766245
          ],
          [
            -8.8327842,
            37.3765675
          ],
          [
            -8.8327204,
            37.3764762
          ],
          [
            -8.8326071,
            37.3764534
          ],
          [
            -8.8325417,
            37.3764268
          ],
          [
            -8.8324604,
            37.3762963
          ],
          [
            -8.832513,
            37.3762367
          ],
          [
            -8.8325641,
            37.376257
          ],
          [
            -8.8328081,
            37.3764103
          ],
          [
            -8.8328798,
            37.3763013
          ],
          [
            -8.8329564,
            37.3763128
          ],
          [
            -8.8330186,
            37.3762443
          ],
          [
            -8.8329213,
            37.3761404
          ],
          [
            -8.8327602,
            37.3759883
          ],
          [
            -8.8326677,
            37.3758704
          ],
          [
            -8.8324157,
            37.3758578
          ],
          [
            -8.8323312,
            37.3756981
          ],
          [
            -8.8323918,
            37.3756094
          ],
          [
            -8.8323822,
            37.3754839
          ],
          [
            -8.8323025,
            37.3754116
          ],
          [
            -8.832387,
            37.3753533
          ],
          [
            -8.8323743,
            37.3752089
          ],
          [
            -8.8323312,
            37.3750847
          ],
          [
            -8.8323743,
            37.3749693
          ],
          [
            -8.832462,
            37.3749909
          ],
          [
            -8.8325513,
            37.374963
          ],
          [
            -8.8326199,
            37.3750885
          ],
          [
            -8.832765,
            37.3751328
          ],
          [
            -8.8328607,
            37.3750923
          ],
          [
            -8.8330377,
            37.3751087
          ],
          [
            -8.8331908,
            37.3750542
          ],
          [
            -8.8332195,
            37.3749693
          ],
          [
            -8.8330569,
            37.3747919
          ],
          [
            -8.8332817,
            37.374778
          ],
          [
            -8.8333711,
            37.3747387
          ],
          [
            -8.8333758,
            37.3748363
          ],
          [
            -8.8334109,
            37.3748502
          ],
          [
            -8.8334699,
            37.3748084
          ],
          [
            -8.8335832,
            37.3749136
          ],
          [
            -8.8336773,
            37.3748781
          ],
          [
            -8.8336246,
            37.3747615
          ],
          [
            -8.833513,
            37.3746588
          ],
          [
            -8.8335832,
            37.374617
          ],
          [
            -8.8336884,
            37.3746753
          ],
          [
            -8.8338336,
            37.3746069
          ],
          [
            -8.83369,
            37.3744801
          ],
          [
            -8.8336996,
            37.3744484
          ],
          [
            -8.8338368,
            37.374437
          ],
          [
            -8.8339643,
            37.3743521
          ],
          [
            -8.8339867,
            37.3742292
          ],
          [
            -8.8339978,
            37.3740821
          ],
          [
            -8.8339388,
            37.3739072
          ],
          [
            -8.8338974,
            37.373726
          ],
          [
            -8.8338304,
            37.3736981
          ],
          [
            -8.8338846,
            37.373655
          ],
          [
            -8.8339404,
            37.3736652
          ],
          [
            -8.8339659,
            37.3736031
          ],
          [
            -8.8341398,
            37.3735739
          ],
          [
            -8.8340919,
            37.3735156
          ],
          [
            -8.8338878,
            37.3735549
          ],
          [
            -8.8337522,
            37.3735017
          ],
          [
            -8.8335274,
            37.373432
          ],
          [
            -8.8334907,
            37.3733318
          ],
          [
            -8.8332307,
            37.3731202
          ],
          [
            -8.8330505,
            37.3728211
          ],
          [
            -8.8329787,
            37.372636
          ],
          [
            -8.8329835,
            37.3724332
          ],
          [
            -8.8330872,
            37.3722026
          ],
          [
            -8.833277,
            37.3719947
          ],
          [
            -8.8333711,
            37.3720162
          ],
          [
            -8.8336805,
            37.3719262
          ],
          [
            -8.8338766,
            37.3720264
          ],
          [
            -8.834017,
            37.3720745
          ],
          [
            -8.834119,
            37.3720657
          ],
          [
            -8.8343615,
            37.3721455
          ],
          [
            -8.8344795,
            37.3719884
          ],
          [
            -8.8346756,
            37.3719934
          ],
          [
            -8.8347969,
            37.3719339
          ],
          [
            -8.8350297,
            37.3720188
          ],
          [
            -8.835111,
            37.3718844
          ],
          [
            -8.8351972,
            37.3719186
          ],
          [
            -8.8352402,
            37.3718882
          ],
          [
            -8.8351892,
            37.3718071
          ],
          [
            -8.8350951,
            37.3718236
          ],
          [
            -8.8350233,
            37.3717387
          ],
          [
            -8.8349117,
            37.3717197
          ],
          [
            -8.8348734,
            37.3718109
          ],
          [
            -8.8347984,
            37.3718325
          ],
          [
            -8.8346709,
            37.3717399
          ],
          [
            -8.8345433,
            37.3716956
          ],
          [
            -8.8345385,
            37.3715954
          ],
          [
            -8.8342913,
            37.3715017
          ],
          [
            -8.8341222,
            37.371456
          ],
          [
            -8.834009,
            37.3712672
          ],
          [
            -8.8339229,
            37.3711937
          ],
          [
            -8.833891,
            37.3710378
          ],
          [
            -8.8339819,
            37.3708007
          ],
          [
            -8.8342068,
            37.3706715
          ],
          [
            -8.8343503,
            37.3706537
          ],
          [
            -8.8345481,
            37.3705257
          ],
          [
            -8.8344859,
            37.3704509
          ],
          [
            -8.834395,
            37.3704763
          ],
          [
            -8.83432,
            37.3704661
          ],
          [
            -8.8341669,
            37.3704813
          ],
          [
            -8.8341206,
            37.3704573
          ],
          [
            -8.834118,
            37.3704002
          ],
          [
            -8.8341063,
            37.3701429
          ],
          [
            -8.8341557,
            37.3698958
          ],
          [
            -8.8343391,
            37.3696448
          ],
          [
            -8.8345752,
            37.3695371
          ],
          [
            -8.8347793,
            37.3694483
          ],
          [
            -8.8350393,
            37.3694078
          ],
          [
            -8.8350807,
            37.3695333
          ],
          [
            -8.8351881,
            37.3695453
          ],
          [
            -8.8352963,
            37.3694762
          ],
          [
            -8.8353602,
            37.3695338
          ],
          [
            -8.835426,
            37.3694888
          ],
          [
            -8.8353045,
            37.3693655
          ],
          [
            -8.835437,
            37.3692066
          ],
          [
            -8.8356132,
            37.3692576
          ],
          [
            -8.8356936,
            37.3690573
          ],
          [
            -8.8357655,
            37.3690855
          ],
          [
            -8.8358929,
            37.3691079
          ],
          [
            -8.8359718,
            37.3690962
          ],
          [
            -8.8359067,
            37.3690231
          ],
          [
            -8.8357975,
            37.3688921
          ],
          [
            -8.8356971,
            37.3686251
          ],
          [
            -8.8355799,
            37.3686473
          ],
          [
            -8.8355847,
            37.3684833
          ],
          [
            -8.8357197,
            37.3683732
          ],
          [
            -8.8358571,
            37.3682515
          ],
          [
            -8.8361186,
            37.368238
          ],
          [
            -8.8364196,
            37.3685593
          ],
          [
            -8.8364921,
            37.3683588
          ],
          [
            -8.8365965,
            37.3683016
          ],
          [
            -8.8366594,
            37.3681472
          ],
          [
            -8.8366847,
            37.3679225
          ],
          [
            -8.8366648,
            37.3677989
          ],
          [
            -8.8364989,
            37.3672809
          ],
          [
            -8.8365054,
            37.3671345
          ],
          [
            -8.8365161,
            37.3669957
          ],
          [
            -8.8366389,
            37.3668601
          ],
          [
            -8.8366979,
            37.3666814
          ],
          [
            -8.8367649,
            37.3662327
          ],
          [
            -8.836843,
            37.3658765
          ],
          [
            -8.8371094,
            37.3654265
          ],
          [
            -8.8374523,
            37.3650348
          ],
          [
            -8.837843,
            37.3646786
          ],
          [
            -8.8383071,
            37.3641526
          ],
          [
            -8.8386038,
            37.363804
          ],
          [
            -8.8387266,
            37.3635201
          ],
          [
            -8.8388988,
            37.363188
          ],
          [
            -8.8391077,
            37.3628673
          ],
          [
            -8.8393367,
            37.3624737
          ],
          [
            -8.8394827,
            37.3622909
          ]
        ],
        "type": "LineString"
      },
      "properties": {
        "label": "Coastline",
        "layer": "coastline",
        "natural": "coastline",
        "osm_id": 1256654190,
        "osm_type": "way"
      },
      "type": "Feature"
    },
    {
      "geometry": {
        "coordinates": [
          [
            -8.8001063,
            37.4383941
          ],
          [
            -8.8000597,
            37.4383361
          ]
        ],
        "type": "LineString"
      },
      "properties": {
        "highway": "path",
        "label": "Path",
        "layer": "path",
        "osm_id": 1256946729,
        "osm_type": "way"
      },
      "type": "Feature"
    },
    {
      "geometry": {
        "coordinates": [
          [
            -8.8008523,
            37.4369906
          ],
          [
            -8.8010893,
            37.4370483
          ]
        ],
        "type": "LineString"
      },
      "properties": {
        "highway": "track",
        "label": "Track",
        "layer": "track",
        "osm_id": 1256946730,
        "osm_type": "way",
        "surface": "ground"
      },
      "type": "Feature"
    },
    {
      "geometry": {
        "coordinates": [
          [
            -8.7982112,
            37.4440209
          ],
          [
            -8.7984178,
            37.4436398
          ],
          [
            -8.7985525,
            37.4431673
          ],
          [
            -8.7986209,
            37.4429526
          ]
        ],
        "type": "LineString"
      },
      "properties": {
        "label": "Coastline",
        "layer": "coastline",
        "natural": "coastline",
        "osm_id": 1329933936,
        "osm_type": "way"
      },
      "type": "Feature"
    },
    {
      "geometry": {
        "coordinates": [
          [
            -8.7998034,
            37.4404316
          ],
          [
            -8.7999306,
            37.4405201
          ],
          [
            -8.7999508,
            37.4405201
          ],
          [
            -8.7999435,
            37.4405043
          ],
          [
            -8.7999214,
            37.4404724
          ],
          [
            -8.7998404,
            37.4403963
          ],
          [
            -8.79987,
            37.4403726
          ]
        ],
        "type": "LineString"
      },
      "properties": {
        "label": "Coastline",
        "layer": "coastline",
        "natural": "coastline",
        "osm_id": 1330643082,
        "osm_type": "way"
      },
      "type": "Feature"
    },
    {
      "geometry": {
        "coordinates": [
          [
            -8.7966848,
            37.4381154
          ],
          [
            -8.7964278,
            37.4380584
          ],
          [
            -8.7962729,
            37.4380158
          ],
          [
            -8.796171,
            37.4379849
          ],
          [
            -8.7960718,
            37.4379313
          ],
          [
            -8.796002,
            37.4378699
          ],
          [
            -8.7959482,
            37.437789
          ],
          [
            -8.7959283,
            37.4377262
          ],
          [
            -8.7959146,
            37.4376306
          ],
          [
            -8.7959189,
            37.4375611
          ],
          [
            -8.7959327,
            37.4374943
          ],
          [
            -8.7959638,
            37.437362
          ],
          [
            -8.7960054,
            37.4372395
          ],
          [
            -8.7960831,
            37.4370371
          ],
          [
            -8.7960951,
            37.4370005
          ],
          [
            -8.796106,
            37.4369611
          ],
          [
            -8.7961073,
            37.4369126
          ],
          [
            -8.7960946,
            37.4368413
          ],
          [
            -8.7960599,
            37.4367453
          ],
          [
            -8.7958362,
            37.4363641
          ],
          [
            -8.7957338,
            37.4361853
          ],
          [
            -8.7956426,
            37.4359755
          ],
          [
            -8.7955889,
            37.4358941
          ],
          [
            -8.7954716,
            37.4358504
          ],
          [
            -8.7945168,
            37.4355512
          ],
          [
            -8.7943011,
            37.435462
          ],
          [
            -8.7941761,
            37.4354
          ],
          [
            -8.7940929,
            37.435342
          ],
          [
            -8.7939937,
            37.4352722
          ],
          [
            -8.7939086,
            37.4351907
          ],
          [
            -8.7938248,
            37.4350762
          ],
          [
            -8.7937704,
            37.4349607
          ],
          [
            -8.7937262,
            37.4348265
          ],
          [
            -8.793696,
            37.4346897
          ],
          [
            -8.7936491,
            37.4344405
          ]
        ],
        "type": "LineString"
      },
      "properties": {
        "bicycle": "yes",
        "cycleway": "no",
        "highway": "unclassified",
        "label": "Road",
        "layer": "road",
        "osm_id": 1481672271,
        "osm_type": "way",
        "source": "survey"
      },
      "type": "Feature"
    }
  ],
  "properties": {
    "osm_data_timestamp": "2026-07-12T04:33:01Z",
    "retrieved_at": "2026-07-12T04:33:01Z",
    "route_provider": "manual Overpass export converted locally; routes still require review/curation",
    "source_coordinates": {}
  },
  "type": "FeatureCollection"
}
